county,state,county_fips,timestamp,temperature_f,wind_speed_raw,short_forecast
San Francisco,CA,06075,2026-05-07T15:00:00-07:00,65,12 mph,Sunny
San Francisco,CA,06075,2026-05-07T16:00:00-07:00,66,14 mph,Sunny
San Francisco,CA,06075,2026-05-07T17:00:00-07:00,64,14 mph,Sunny
San Francisco,CA,06075,2026-05-07T18:00:00-07:00,62,13 mph,Mostly Clear
San Francisco,CA,06075,2026-05-07T19:00:00-07:00,61,12 mph,Partly Cloudy
San Francisco,CA,06075,2026-05-07T20:00:00-07:00,57,12 mph,Partly Cloudy
San Francisco,CA,06075,2026-05-07T21:00:00-07:00,56,12 mph,Partly Cloudy
San Francisco,CA,06075,2026-05-07T22:00:00-07:00,56,12 mph,Mostly Cloudy
San Francisco,CA,06075,2026-05-07T23:00:00-07:00,55,10 mph,Mostly Cloudy
San Francisco,CA,06075,2026-05-08T00:00:00-07:00,55,10 mph,Mostly Cloudy
San Francisco,CA,06075,2026-05-08T01:00:00-07:00,55,9 mph,Mostly Cloudy
San Francisco,CA,06075,2026-05-08T02:00:00-07:00,55,9 mph,Mostly Cloudy
San Francisco,CA,06075,2026-05-08T03:00:00-07:00,54,8 mph,Mostly Cloudy
San Francisco,CA,06075,2026-05-08T04:00:00-07:00,54,8 mph,Mostly Cloudy
San Francisco,CA,06075,2026-05-08T05:00:00-07:00,54,7 mph,Mostly Cloudy
San Francisco,CA,06075,2026-05-08T06:00:00-07:00,53,7 mph,Partly Sunny
San Francisco,CA,06075,2026-05-08T07:00:00-07:00,54,7 mph,Partly Sunny
San Francisco,CA,06075,2026-05-08T08:00:00-07:00,55,7 mph,Partly Sunny
San Francisco,CA,06075,2026-05-08T09:00:00-07:00,57,7 mph,Partly Sunny
San Francisco,CA,06075,2026-05-08T10:00:00-07:00,60,7 mph,Sunny
San Francisco,CA,06075,2026-05-08T11:00:00-07:00,62,8 mph,Sunny
San Francisco,CA,06075,2026-05-08T12:00:00-07:00,64,9 mph,Sunny
San Francisco,CA,06075,2026-05-08T13:00:00-07:00,65,10 mph,Sunny
San Francisco,CA,06075,2026-05-08T14:00:00-07:00,67,12 mph,Sunny
San Francisco,CA,06075,2026-05-08T15:00:00-07:00,67,12 mph,Sunny
San Francisco,CA,06075,2026-05-08T16:00:00-07:00,67,13 mph,Sunny
San Francisco,CA,06075,2026-05-08T17:00:00-07:00,68,13 mph,Sunny
San Francisco,CA,06075,2026-05-08T18:00:00-07:00,65,12 mph,Clear
San Francisco,CA,06075,2026-05-08T19:00:00-07:00,64,10 mph,Mostly Clear
San Francisco,CA,06075,2026-05-08T20:00:00-07:00,62,8 mph,Mostly Clear
San Francisco,CA,06075,2026-05-08T21:00:00-07:00,60,7 mph,Mostly Clear
San Francisco,CA,06075,2026-05-08T22:00:00-07:00,58,7 mph,Mostly Clear
San Francisco,CA,06075,2026-05-08T23:00:00-07:00,58,6 mph,Partly Cloudy
San Francisco,CA,06075,2026-05-09T00:00:00-07:00,57,6 mph,Partly Cloudy
San Francisco,CA,06075,2026-05-09T01:00:00-07:00,56,6 mph,Partly Cloudy
San Francisco,CA,06075,2026-05-09T02:00:00-07:00,55,5 mph,Partly Cloudy
San Francisco,CA,06075,2026-05-09T03:00:00-07:00,55,5 mph,Partly Cloudy
San Francisco,CA,06075,2026-05-09T04:00:00-07:00,54,5 mph,Partly Cloudy
San Francisco,CA,06075,2026-05-09T05:00:00-07:00,54,3 mph,Mostly Cloudy
San Francisco,CA,06075,2026-05-09T06:00:00-07:00,55,3 mph,Partly Sunny
San Francisco,CA,06075,2026-05-09T07:00:00-07:00,56,3 mph,Partly Sunny
San Francisco,CA,06075,2026-05-09T08:00:00-07:00,58,3 mph,Sunny
San Francisco,CA,06075,2026-05-09T09:00:00-07:00,61,3 mph,Sunny
San Francisco,CA,06075,2026-05-09T10:00:00-07:00,63,3 mph,Sunny
San Francisco,CA,06075,2026-05-09T11:00:00-07:00,66,6 mph,Sunny
San Francisco,CA,06075,2026-05-09T12:00:00-07:00,68,6 mph,Sunny
San Francisco,CA,06075,2026-05-09T13:00:00-07:00,70,6 mph,Sunny
San Francisco,CA,06075,2026-05-09T14:00:00-07:00,71,10 mph,Sunny
San Francisco,CA,06075,2026-05-09T15:00:00-07:00,71,10 mph,Sunny
San Francisco,CA,06075,2026-05-09T16:00:00-07:00,71,10 mph,Sunny
San Francisco,CA,06075,2026-05-09T17:00:00-07:00,69,14 mph,Sunny
San Francisco,CA,06075,2026-05-09T18:00:00-07:00,67,14 mph,Clear
San Francisco,CA,06075,2026-05-09T19:00:00-07:00,64,14 mph,Clear
San Francisco,CA,06075,2026-05-09T20:00:00-07:00,62,10 mph,Mostly Clear
San Francisco,CA,06075,2026-05-09T21:00:00-07:00,60,10 mph,Mostly Clear
San Francisco,CA,06075,2026-05-09T22:00:00-07:00,59,10 mph,Mostly Clear
San Francisco,CA,06075,2026-05-09T23:00:00-07:00,58,8 mph,Mostly Clear
San Francisco,CA,06075,2026-05-10T00:00:00-07:00,57,8 mph,Mostly Clear
San Francisco,CA,06075,2026-05-10T01:00:00-07:00,56,8 mph,Mostly Clear
San Francisco,CA,06075,2026-05-10T02:00:00-07:00,55,7 mph,Partly Cloudy
San Francisco,CA,06075,2026-05-10T03:00:00-07:00,55,7 mph,Partly Cloudy
San Francisco,CA,06075,2026-05-10T04:00:00-07:00,54,7 mph,Partly Cloudy
San Francisco,CA,06075,2026-05-10T05:00:00-07:00,54,6 mph,Partly Cloudy
San Francisco,CA,06075,2026-05-10T06:00:00-07:00,54,6 mph,Mostly Sunny
San Francisco,CA,06075,2026-05-10T07:00:00-07:00,55,6 mph,Mostly Sunny
San Francisco,CA,06075,2026-05-10T08:00:00-07:00,57,5 mph,Mostly Sunny
San Francisco,CA,06075,2026-05-10T09:00:00-07:00,60,5 mph,Mostly Sunny
San Francisco,CA,06075,2026-05-10T10:00:00-07:00,63,5 mph,Mostly Sunny
San Francisco,CA,06075,2026-05-10T11:00:00-07:00,66,6 mph,Mostly Sunny
San Francisco,CA,06075,2026-05-10T12:00:00-07:00,68,6 mph,Mostly Sunny
San Francisco,CA,06075,2026-05-10T13:00:00-07:00,71,6 mph,Mostly Sunny
San Francisco,CA,06075,2026-05-10T14:00:00-07:00,72,8 mph,Sunny
San Francisco,CA,06075,2026-05-10T15:00:00-07:00,72,8 mph,Sunny
San Francisco,CA,06075,2026-05-10T16:00:00-07:00,71,8 mph,Sunny
San Francisco,CA,06075,2026-05-10T17:00:00-07:00,70,10 mph,Sunny
San Francisco,CA,06075,2026-05-10T18:00:00-07:00,68,10 mph,Mostly Clear
San Francisco,CA,06075,2026-05-10T19:00:00-07:00,65,10 mph,Mostly Clear
San Francisco,CA,06075,2026-05-10T20:00:00-07:00,62,8 mph,Mostly Clear
San Francisco,CA,06075,2026-05-10T21:00:00-07:00,61,8 mph,Mostly Clear
San Francisco,CA,06075,2026-05-10T22:00:00-07:00,59,8 mph,Mostly Clear
San Francisco,CA,06075,2026-05-10T23:00:00-07:00,58,7 mph,Partly Cloudy
San Francisco,CA,06075,2026-05-11T00:00:00-07:00,57,7 mph,Partly Cloudy
San Francisco,CA,06075,2026-05-11T01:00:00-07:00,56,7 mph,Partly Cloudy
San Francisco,CA,06075,2026-05-11T02:00:00-07:00,56,5 mph,Partly Cloudy
San Francisco,CA,06075,2026-05-11T03:00:00-07:00,55,5 mph,Partly Cloudy
San Francisco,CA,06075,2026-05-11T04:00:00-07:00,55,5 mph,Partly Cloudy
San Francisco,CA,06075,2026-05-11T05:00:00-07:00,54,2 mph,Mostly Cloudy
San Francisco,CA,06075,2026-05-11T06:00:00-07:00,55,2 mph,Partly Sunny
San Francisco,CA,06075,2026-05-11T07:00:00-07:00,56,2 mph,Partly Sunny
San Francisco,CA,06075,2026-05-11T08:00:00-07:00,58,1 mph,Partly Sunny
San Francisco,CA,06075,2026-05-11T09:00:00-07:00,62,1 mph,Partly Sunny
San Francisco,CA,06075,2026-05-11T10:00:00-07:00,66,1 mph,Partly Sunny
San Francisco,CA,06075,2026-05-11T11:00:00-07:00,71,2 mph,Mostly Sunny
San Francisco,CA,06075,2026-05-11T12:00:00-07:00,75,2 mph,Mostly Sunny
San Francisco,CA,06075,2026-05-11T13:00:00-07:00,78,2 mph,Mostly Sunny
San Francisco,CA,06075,2026-05-11T14:00:00-07:00,80,7 mph,Mostly Sunny
San Francisco,CA,06075,2026-05-11T15:00:00-07:00,80,7 mph,Mostly Sunny
San Francisco,CA,06075,2026-05-11T16:00:00-07:00,78,7 mph,Mostly Sunny
San Francisco,CA,06075,2026-05-11T17:00:00-07:00,76,9 mph,Mostly Sunny
San Francisco,CA,06075,2026-05-11T18:00:00-07:00,73,9 mph,Partly Cloudy
San Francisco,CA,06075,2026-05-11T19:00:00-07:00,70,9 mph,Partly Cloudy
San Francisco,CA,06075,2026-05-11T20:00:00-07:00,67,6 mph,Partly Cloudy
San Francisco,CA,06075,2026-05-11T21:00:00-07:00,64,6 mph,Partly Cloudy
San Francisco,CA,06075,2026-05-11T22:00:00-07:00,62,6 mph,Partly Cloudy
San Francisco,CA,06075,2026-05-11T23:00:00-07:00,61,5 mph,Partly Cloudy
San Francisco,CA,06075,2026-05-12T00:00:00-07:00,59,5 mph,Partly Cloudy
San Francisco,CA,06075,2026-05-12T01:00:00-07:00,58,5 mph,Partly Cloudy
San Francisco,CA,06075,2026-05-12T02:00:00-07:00,58,3 mph,Partly Cloudy
San Francisco,CA,06075,2026-05-12T03:00:00-07:00,56,3 mph,Partly Cloudy
San Francisco,CA,06075,2026-05-12T04:00:00-07:00,56,3 mph,Partly Cloudy
San Francisco,CA,06075,2026-05-12T05:00:00-07:00,56,1 mph,Partly Cloudy
San Francisco,CA,06075,2026-05-12T06:00:00-07:00,56,1 mph,Mostly Sunny
San Francisco,CA,06075,2026-05-12T07:00:00-07:00,58,1 mph,Mostly Sunny
San Francisco,CA,06075,2026-05-12T08:00:00-07:00,60,2 mph,Mostly Sunny
San Francisco,CA,06075,2026-05-12T09:00:00-07:00,63,2 mph,Mostly Sunny
San Francisco,CA,06075,2026-05-12T10:00:00-07:00,66,2 mph,Mostly Sunny
San Francisco,CA,06075,2026-05-12T11:00:00-07:00,70,6 mph,Mostly Sunny
San Francisco,CA,06075,2026-05-12T12:00:00-07:00,73,6 mph,Mostly Sunny
San Francisco,CA,06075,2026-05-12T13:00:00-07:00,75,6 mph,Mostly Sunny
San Francisco,CA,06075,2026-05-12T14:00:00-07:00,76,10 mph,Mostly Sunny
San Francisco,CA,06075,2026-05-12T15:00:00-07:00,76,10 mph,Mostly Sunny
San Francisco,CA,06075,2026-05-12T16:00:00-07:00,75,10 mph,Mostly Sunny
San Francisco,CA,06075,2026-05-12T17:00:00-07:00,73,12 mph,Sunny
San Francisco,CA,06075,2026-05-12T18:00:00-07:00,70,12 mph,Mostly Clear
San Francisco,CA,06075,2026-05-12T19:00:00-07:00,68,12 mph,Mostly Clear
San Francisco,CA,06075,2026-05-12T20:00:00-07:00,66,9 mph,Mostly Clear
San Francisco,CA,06075,2026-05-12T21:00:00-07:00,64,9 mph,Mostly Clear
San Francisco,CA,06075,2026-05-12T22:00:00-07:00,62,9 mph,Mostly Clear
San Francisco,CA,06075,2026-05-12T23:00:00-07:00,61,8 mph,Partly Cloudy
San Francisco,CA,06075,2026-05-13T00:00:00-07:00,60,8 mph,Partly Cloudy
San Francisco,CA,06075,2026-05-13T01:00:00-07:00,59,8 mph,Partly Cloudy
San Francisco,CA,06075,2026-05-13T02:00:00-07:00,58,7 mph,Partly Cloudy
San Francisco,CA,06075,2026-05-13T03:00:00-07:00,58,7 mph,Partly Cloudy
San Francisco,CA,06075,2026-05-13T04:00:00-07:00,57,7 mph,Partly Cloudy
San Francisco,CA,06075,2026-05-13T05:00:00-07:00,57,6 mph,Partly Cloudy
San Francisco,CA,06075,2026-05-13T06:00:00-07:00,57,6 mph,Mostly Sunny
San Francisco,CA,06075,2026-05-13T07:00:00-07:00,58,6 mph,Mostly Sunny
San Francisco,CA,06075,2026-05-13T08:00:00-07:00,59,7 mph,Mostly Sunny
San Francisco,CA,06075,2026-05-13T09:00:00-07:00,62,7 mph,Mostly Sunny
San Francisco,CA,06075,2026-05-13T10:00:00-07:00,64,7 mph,Mostly Sunny
San Francisco,CA,06075,2026-05-13T11:00:00-07:00,67,8 mph,Sunny
San Francisco,CA,06075,2026-05-13T12:00:00-07:00,70,8 mph,Sunny
San Francisco,CA,06075,2026-05-13T13:00:00-07:00,72,8 mph,Sunny
San Francisco,CA,06075,2026-05-13T14:00:00-07:00,73,12 mph,Sunny
San Francisco,CA,06075,2026-05-13T15:00:00-07:00,73,12 mph,Sunny
San Francisco,CA,06075,2026-05-13T16:00:00-07:00,72,12 mph,Sunny
San Francisco,CA,06075,2026-05-13T17:00:00-07:00,70,12 mph,Sunny
San Francisco,CA,06075,2026-05-13T18:00:00-07:00,68,12 mph,Mostly Clear
San Francisco,CA,06075,2026-05-13T19:00:00-07:00,66,12 mph,Mostly Clear
San Francisco,CA,06075,2026-05-13T20:00:00-07:00,63,9 mph,Mostly Clear
San Francisco,CA,06075,2026-05-13T21:00:00-07:00,62,9 mph,Mostly Clear
San Francisco,CA,06075,2026-05-13T22:00:00-07:00,60,9 mph,Mostly Clear
San Francisco,CA,06075,2026-05-13T23:00:00-07:00,60,7 mph,Mostly Clear
San Francisco,CA,06075,2026-05-14T00:00:00-07:00,58,7 mph,Mostly Clear
San Francisco,CA,06075,2026-05-14T01:00:00-07:00,58,7 mph,Mostly Clear
San Francisco,CA,06075,2026-05-14T02:00:00-07:00,57,6 mph,Mostly Clear
San Mateo,CA,06081,2026-05-07T15:00:00-07:00,68,10 mph,Sunny
San Mateo,CA,06081,2026-05-07T16:00:00-07:00,69,12 mph,Sunny
San Mateo,CA,06081,2026-05-07T17:00:00-07:00,67,12 mph,Sunny
San Mateo,CA,06081,2026-05-07T18:00:00-07:00,65,10 mph,Mostly Clear
San Mateo,CA,06081,2026-05-07T19:00:00-07:00,63,9 mph,Partly Cloudy
San Mateo,CA,06081,2026-05-07T20:00:00-07:00,58,8 mph,Partly Cloudy
San Mateo,CA,06081,2026-05-07T21:00:00-07:00,57,8 mph,Mostly Cloudy
San Mateo,CA,06081,2026-05-07T22:00:00-07:00,56,9 mph,Mostly Cloudy
San Mateo,CA,06081,2026-05-07T23:00:00-07:00,56,9 mph,Mostly Cloudy
San Mateo,CA,06081,2026-05-08T00:00:00-07:00,55,8 mph,Mostly Cloudy
San Mateo,CA,06081,2026-05-08T01:00:00-07:00,55,8 mph,Mostly Cloudy
San Mateo,CA,06081,2026-05-08T02:00:00-07:00,55,7 mph,Mostly Cloudy
San Mateo,CA,06081,2026-05-08T03:00:00-07:00,54,7 mph,Mostly Cloudy
San Mateo,CA,06081,2026-05-08T04:00:00-07:00,53,7 mph,Mostly Cloudy
San Mateo,CA,06081,2026-05-08T05:00:00-07:00,53,7 mph,Mostly Cloudy
San Mateo,CA,06081,2026-05-08T06:00:00-07:00,53,7 mph,Mostly Cloudy
San Mateo,CA,06081,2026-05-08T07:00:00-07:00,52,7 mph,Mostly Cloudy
San Mateo,CA,06081,2026-05-08T08:00:00-07:00,54,8 mph,Mostly Cloudy
San Mateo,CA,06081,2026-05-08T09:00:00-07:00,57,8 mph,Mostly Cloudy
San Mateo,CA,06081,2026-05-08T10:00:00-07:00,60,9 mph,Partly Sunny
San Mateo,CA,06081,2026-05-08T11:00:00-07:00,62,10 mph,Mostly Sunny
San Mateo,CA,06081,2026-05-08T12:00:00-07:00,64,10 mph,Mostly Sunny
San Mateo,CA,06081,2026-05-08T13:00:00-07:00,65,12 mph,Mostly Sunny
San Mateo,CA,06081,2026-05-08T14:00:00-07:00,67,12 mph,Sunny
San Mateo,CA,06081,2026-05-08T15:00:00-07:00,68,12 mph,Sunny
San Mateo,CA,06081,2026-05-08T16:00:00-07:00,68,13 mph,Sunny
San Mateo,CA,06081,2026-05-08T17:00:00-07:00,68,12 mph,Sunny
San Mateo,CA,06081,2026-05-08T18:00:00-07:00,66,10 mph,Mostly Clear
San Mateo,CA,06081,2026-05-08T19:00:00-07:00,64,10 mph,Mostly Clear
San Mateo,CA,06081,2026-05-08T20:00:00-07:00,62,9 mph,Mostly Clear
San Mateo,CA,06081,2026-05-08T21:00:00-07:00,59,8 mph,Mostly Clear
San Mateo,CA,06081,2026-05-08T22:00:00-07:00,58,8 mph,Mostly Clear
San Mateo,CA,06081,2026-05-08T23:00:00-07:00,57,6 mph,Mostly Clear
San Mateo,CA,06081,2026-05-09T00:00:00-07:00,56,6 mph,Mostly Clear
San Mateo,CA,06081,2026-05-09T01:00:00-07:00,54,6 mph,Mostly Clear
San Mateo,CA,06081,2026-05-09T02:00:00-07:00,54,3 mph,Partly Cloudy
San Mateo,CA,06081,2026-05-09T03:00:00-07:00,54,3 mph,Partly Cloudy
San Mateo,CA,06081,2026-05-09T04:00:00-07:00,52,3 mph,Partly Cloudy
San Mateo,CA,06081,2026-05-09T05:00:00-07:00,53,2 mph,Mostly Cloudy
San Mateo,CA,06081,2026-05-09T06:00:00-07:00,53,2 mph,Partly Sunny
San Mateo,CA,06081,2026-05-09T07:00:00-07:00,54,2 mph,Partly Sunny
San Mateo,CA,06081,2026-05-09T08:00:00-07:00,57,2 mph,Sunny
San Mateo,CA,06081,2026-05-09T09:00:00-07:00,60,2 mph,Sunny
San Mateo,CA,06081,2026-05-09T10:00:00-07:00,64,2 mph,Sunny
San Mateo,CA,06081,2026-05-09T11:00:00-07:00,67,7 mph,Sunny
San Mateo,CA,06081,2026-05-09T12:00:00-07:00,69,7 mph,Sunny
San Mateo,CA,06081,2026-05-09T13:00:00-07:00,70,7 mph,Sunny
San Mateo,CA,06081,2026-05-09T14:00:00-07:00,71,12 mph,Sunny
San Mateo,CA,06081,2026-05-09T15:00:00-07:00,72,12 mph,Sunny
San Mateo,CA,06081,2026-05-09T16:00:00-07:00,72,12 mph,Sunny
San Mateo,CA,06081,2026-05-09T17:00:00-07:00,70,14 mph,Sunny
San Mateo,CA,06081,2026-05-09T18:00:00-07:00,68,14 mph,Mostly Clear
San Mateo,CA,06081,2026-05-09T19:00:00-07:00,65,14 mph,Mostly Clear
San Mateo,CA,06081,2026-05-09T20:00:00-07:00,62,12 mph,Mostly Clear
San Mateo,CA,06081,2026-05-09T21:00:00-07:00,60,12 mph,Mostly Clear
San Mateo,CA,06081,2026-05-09T22:00:00-07:00,59,12 mph,Mostly Clear
San Mateo,CA,06081,2026-05-09T23:00:00-07:00,58,9 mph,Mostly Clear
San Mateo,CA,06081,2026-05-10T00:00:00-07:00,57,9 mph,Mostly Clear
San Mateo,CA,06081,2026-05-10T01:00:00-07:00,55,9 mph,Mostly Clear
San Mateo,CA,06081,2026-05-10T02:00:00-07:00,54,7 mph,Mostly Cloudy
San Mateo,CA,06081,2026-05-10T03:00:00-07:00,54,7 mph,Mostly Cloudy
San Mateo,CA,06081,2026-05-10T04:00:00-07:00,53,7 mph,Mostly Cloudy
San Mateo,CA,06081,2026-05-10T05:00:00-07:00,53,5 mph,Mostly Cloudy
San Mateo,CA,06081,2026-05-10T06:00:00-07:00,53,5 mph,Partly Sunny
San Mateo,CA,06081,2026-05-10T07:00:00-07:00,54,5 mph,Partly Sunny
San Mateo,CA,06081,2026-05-10T08:00:00-07:00,55,6 mph,Partly Sunny
San Mateo,CA,06081,2026-05-10T09:00:00-07:00,58,6 mph,Partly Sunny
San Mateo,CA,06081,2026-05-10T10:00:00-07:00,62,6 mph,Partly Sunny
San Mateo,CA,06081,2026-05-10T11:00:00-07:00,65,7 mph,Mostly Sunny
San Mateo,CA,06081,2026-05-10T12:00:00-07:00,68,7 mph,Mostly Sunny
San Mateo,CA,06081,2026-05-10T13:00:00-07:00,70,7 mph,Mostly Sunny
San Mateo,CA,06081,2026-05-10T14:00:00-07:00,72,9 mph,Sunny
San Mateo,CA,06081,2026-05-10T15:00:00-07:00,73,9 mph,Sunny
San Mateo,CA,06081,2026-05-10T16:00:00-07:00,74,9 mph,Sunny
San Mateo,CA,06081,2026-05-10T17:00:00-07:00,73,9 mph,Sunny
San Mateo,CA,06081,2026-05-10T18:00:00-07:00,71,9 mph,Mostly Clear
San Mateo,CA,06081,2026-05-10T19:00:00-07:00,67,9 mph,Mostly Clear
San Mateo,CA,06081,2026-05-10T20:00:00-07:00,63,6 mph,Mostly Clear
San Mateo,CA,06081,2026-05-10T21:00:00-07:00,61,6 mph,Mostly Clear
San Mateo,CA,06081,2026-05-10T22:00:00-07:00,59,6 mph,Mostly Clear
San Mateo,CA,06081,2026-05-10T23:00:00-07:00,57,3 mph,Partly Cloudy
San Mateo,CA,06081,2026-05-11T00:00:00-07:00,56,3 mph,Partly Cloudy
San Mateo,CA,06081,2026-05-11T01:00:00-07:00,55,3 mph,Partly Cloudy
San Mateo,CA,06081,2026-05-11T02:00:00-07:00,54,2 mph,Partly Cloudy
San Mateo,CA,06081,2026-05-11T03:00:00-07:00,53,2 mph,Partly Cloudy
San Mateo,CA,06081,2026-05-11T04:00:00-07:00,53,2 mph,Partly Cloudy
San Mateo,CA,06081,2026-05-11T05:00:00-07:00,53,1 mph,Partly Cloudy
San Mateo,CA,06081,2026-05-11T06:00:00-07:00,54,1 mph,Mostly Sunny
San Mateo,CA,06081,2026-05-11T07:00:00-07:00,55,1 mph,Mostly Sunny
San Mateo,CA,06081,2026-05-11T08:00:00-07:00,58,0 mph,Mostly Sunny
San Mateo,CA,06081,2026-05-11T09:00:00-07:00,63,0 mph,Mostly Sunny
San Mateo,CA,06081,2026-05-11T10:00:00-07:00,69,0 mph,Mostly Sunny
San Mateo,CA,06081,2026-05-11T11:00:00-07:00,74,1 mph,Mostly Sunny
San Mateo,CA,06081,2026-05-11T12:00:00-07:00,78,1 mph,Mostly Sunny
San Mateo,CA,06081,2026-05-11T13:00:00-07:00,81,1 mph,Mostly Sunny
San Mateo,CA,06081,2026-05-11T14:00:00-07:00,83,7 mph,Mostly Sunny
San Mateo,CA,06081,2026-05-11T15:00:00-07:00,84,7 mph,Mostly Sunny
San Mateo,CA,06081,2026-05-11T16:00:00-07:00,84,7 mph,Mostly Sunny
San Mateo,CA,06081,2026-05-11T17:00:00-07:00,83,7 mph,Mostly Sunny
San Mateo,CA,06081,2026-05-11T18:00:00-07:00,79,7 mph,Partly Cloudy
San Mateo,CA,06081,2026-05-11T19:00:00-07:00,75,7 mph,Partly Cloudy
San Mateo,CA,06081,2026-05-11T20:00:00-07:00,70,3 mph,Partly Cloudy
San Mateo,CA,06081,2026-05-11T21:00:00-07:00,67,3 mph,Partly Cloudy
San Mateo,CA,06081,2026-05-11T22:00:00-07:00,64,3 mph,Partly Cloudy
San Mateo,CA,06081,2026-05-11T23:00:00-07:00,62,2 mph,Partly Cloudy
San Mateo,CA,06081,2026-05-12T00:00:00-07:00,60,2 mph,Partly Cloudy
San Mateo,CA,06081,2026-05-12T01:00:00-07:00,58,2 mph,Partly Cloudy
San Mateo,CA,06081,2026-05-12T02:00:00-07:00,57,1 mph,Partly Cloudy
San Mateo,CA,06081,2026-05-12T03:00:00-07:00,56,1 mph,Partly Cloudy
San Mateo,CA,06081,2026-05-12T04:00:00-07:00,55,1 mph,Partly Cloudy
San Mateo,CA,06081,2026-05-12T05:00:00-07:00,55,0 mph,Partly Cloudy
San Mateo,CA,06081,2026-05-12T06:00:00-07:00,56,0 mph,Mostly Sunny
San Mateo,CA,06081,2026-05-12T07:00:00-07:00,57,0 mph,Mostly Sunny
San Mateo,CA,06081,2026-05-12T08:00:00-07:00,60,0 mph,Mostly Sunny
San Mateo,CA,06081,2026-05-12T09:00:00-07:00,64,0 mph,Mostly Sunny
San Mateo,CA,06081,2026-05-12T10:00:00-07:00,70,0 mph,Mostly Sunny
San Mateo,CA,06081,2026-05-12T11:00:00-07:00,74,3 mph,Mostly Sunny
San Mateo,CA,06081,2026-05-12T12:00:00-07:00,77,3 mph,Mostly Sunny
San Mateo,CA,06081,2026-05-12T13:00:00-07:00,79,3 mph,Mostly Sunny
San Mateo,CA,06081,2026-05-12T14:00:00-07:00,80,9 mph,Mostly Sunny
San Mateo,CA,06081,2026-05-12T15:00:00-07:00,80,9 mph,Mostly Sunny
San Mateo,CA,06081,2026-05-12T16:00:00-07:00,80,9 mph,Mostly Sunny
San Mateo,CA,06081,2026-05-12T17:00:00-07:00,78,9 mph,Sunny
San Mateo,CA,06081,2026-05-12T18:00:00-07:00,75,9 mph,Mostly Clear
San Mateo,CA,06081,2026-05-12T19:00:00-07:00,72,9 mph,Mostly Clear
San Mateo,CA,06081,2026-05-12T20:00:00-07:00,68,6 mph,Mostly Clear
San Mateo,CA,06081,2026-05-12T21:00:00-07:00,66,6 mph,Mostly Clear
San Mateo,CA,06081,2026-05-12T22:00:00-07:00,64,6 mph,Mostly Clear
San Mateo,CA,06081,2026-05-12T23:00:00-07:00,62,5 mph,Partly Cloudy
San Mateo,CA,06081,2026-05-13T00:00:00-07:00,60,5 mph,Partly Cloudy
San Mateo,CA,06081,2026-05-13T01:00:00-07:00,58,5 mph,Partly Cloudy
San Mateo,CA,06081,2026-05-13T02:00:00-07:00,57,3 mph,Partly Cloudy
San Mateo,CA,06081,2026-05-13T03:00:00-07:00,56,3 mph,Partly Cloudy
San Mateo,CA,06081,2026-05-13T04:00:00-07:00,56,3 mph,Partly Cloudy
San Mateo,CA,06081,2026-05-13T05:00:00-07:00,56,3 mph,Partly Cloudy
San Mateo,CA,06081,2026-05-13T06:00:00-07:00,56,3 mph,Mostly Sunny
San Mateo,CA,06081,2026-05-13T07:00:00-07:00,56,3 mph,Mostly Sunny
San Mateo,CA,06081,2026-05-13T08:00:00-07:00,58,3 mph,Mostly Sunny
San Mateo,CA,06081,2026-05-13T09:00:00-07:00,62,3 mph,Mostly Sunny
San Mateo,CA,06081,2026-05-13T10:00:00-07:00,66,3 mph,Mostly Sunny
San Mateo,CA,06081,2026-05-13T11:00:00-07:00,70,6 mph,Sunny
San Mateo,CA,06081,2026-05-13T12:00:00-07:00,72,6 mph,Sunny
San Mateo,CA,06081,2026-05-13T13:00:00-07:00,74,6 mph,Sunny
San Mateo,CA,06081,2026-05-13T14:00:00-07:00,75,9 mph,Sunny
San Mateo,CA,06081,2026-05-13T15:00:00-07:00,76,9 mph,Sunny
San Mateo,CA,06081,2026-05-13T16:00:00-07:00,75,9 mph,Sunny
San Mateo,CA,06081,2026-05-13T17:00:00-07:00,74,10 mph,Sunny
San Mateo,CA,06081,2026-05-13T18:00:00-07:00,71,10 mph,Mostly Clear
San Mateo,CA,06081,2026-05-13T19:00:00-07:00,68,10 mph,Mostly Clear
San Mateo,CA,06081,2026-05-13T20:00:00-07:00,65,6 mph,Mostly Clear
San Mateo,CA,06081,2026-05-13T21:00:00-07:00,62,6 mph,Mostly Clear
San Mateo,CA,06081,2026-05-13T22:00:00-07:00,61,6 mph,Mostly Clear
San Mateo,CA,06081,2026-05-13T23:00:00-07:00,59,3 mph,Mostly Clear
San Mateo,CA,06081,2026-05-14T00:00:00-07:00,58,3 mph,Mostly Clear
San Mateo,CA,06081,2026-05-14T01:00:00-07:00,57,3 mph,Mostly Clear
San Mateo,CA,06081,2026-05-14T02:00:00-07:00,56,3 mph,Mostly Clear
Santa Cruz,CA,06087,2026-05-07T15:00:00-07:00,73,9 mph,Sunny
Santa Cruz,CA,06087,2026-05-07T16:00:00-07:00,75,9 mph,Sunny
Santa Cruz,CA,06087,2026-05-07T17:00:00-07:00,74,9 mph,Sunny
Santa Cruz,CA,06087,2026-05-07T18:00:00-07:00,72,8 mph,Clear
Santa Cruz,CA,06087,2026-05-07T19:00:00-07:00,69,6 mph,Mostly Clear
Santa Cruz,CA,06087,2026-05-07T20:00:00-07:00,62,5 mph,Mostly Clear
Santa Cruz,CA,06087,2026-05-07T21:00:00-07:00,59,5 mph,Mostly Clear
Santa Cruz,CA,06087,2026-05-07T22:00:00-07:00,57,3 mph,Mostly Clear
Santa Cruz,CA,06087,2026-05-07T23:00:00-07:00,55,3 mph,Mostly Clear
Santa Cruz,CA,06087,2026-05-08T00:00:00-07:00,54,3 mph,Mostly Clear
Santa Cruz,CA,06087,2026-05-08T01:00:00-07:00,53,5 mph,Partly Cloudy
Santa Cruz,CA,06087,2026-05-08T02:00:00-07:00,52,3 mph,Partly Cloudy
Santa Cruz,CA,06087,2026-05-08T03:00:00-07:00,51,3 mph,Partly Cloudy
Santa Cruz,CA,06087,2026-05-08T04:00:00-07:00,50,2 mph,Partly Cloudy
Santa Cruz,CA,06087,2026-05-08T05:00:00-07:00,50,2 mph,Partly Cloudy
Santa Cruz,CA,06087,2026-05-08T06:00:00-07:00,49,2 mph,Mostly Sunny
Santa Cruz,CA,06087,2026-05-08T07:00:00-07:00,50,2 mph,Patchy Fog
Santa Cruz,CA,06087,2026-05-08T08:00:00-07:00,52,2 mph,Mostly Sunny
Santa Cruz,CA,06087,2026-05-08T09:00:00-07:00,55,3 mph,Mostly Sunny
Santa Cruz,CA,06087,2026-05-08T10:00:00-07:00,60,5 mph,Sunny
Santa Cruz,CA,06087,2026-05-08T11:00:00-07:00,62,7 mph,Sunny
Santa Cruz,CA,06087,2026-05-08T12:00:00-07:00,65,8 mph,Sunny
Santa Cruz,CA,06087,2026-05-08T13:00:00-07:00,68,9 mph,Sunny
Santa Cruz,CA,06087,2026-05-08T14:00:00-07:00,71,10 mph,Sunny
Santa Cruz,CA,06087,2026-05-08T15:00:00-07:00,73,10 mph,Sunny
Santa Cruz,CA,06087,2026-05-08T16:00:00-07:00,74,10 mph,Sunny
Santa Cruz,CA,06087,2026-05-08T17:00:00-07:00,74,9 mph,Sunny
Santa Cruz,CA,06087,2026-05-08T18:00:00-07:00,72,8 mph,Clear
Santa Cruz,CA,06087,2026-05-08T19:00:00-07:00,69,7 mph,Clear
Santa Cruz,CA,06087,2026-05-08T20:00:00-07:00,65,6 mph,Clear
Santa Cruz,CA,06087,2026-05-08T21:00:00-07:00,59,5 mph,Mostly Clear
Santa Cruz,CA,06087,2026-05-08T22:00:00-07:00,57,3 mph,Mostly Clear
Santa Cruz,CA,06087,2026-05-08T23:00:00-07:00,55,2 mph,Partly Cloudy
Santa Cruz,CA,06087,2026-05-09T00:00:00-07:00,54,2 mph,Partly Cloudy
Santa Cruz,CA,06087,2026-05-09T01:00:00-07:00,52,2 mph,Partly Cloudy
Santa Cruz,CA,06087,2026-05-09T02:00:00-07:00,51,1 mph,Patchy Fog
Santa Cruz,CA,06087,2026-05-09T03:00:00-07:00,50,1 mph,Patchy Fog
Santa Cruz,CA,06087,2026-05-09T04:00:00-07:00,49,1 mph,Patchy Fog
Santa Cruz,CA,06087,2026-05-09T05:00:00-07:00,50,1 mph,Areas Of Fog
Santa Cruz,CA,06087,2026-05-09T06:00:00-07:00,50,1 mph,Areas Of Fog
Santa Cruz,CA,06087,2026-05-09T07:00:00-07:00,51,1 mph,Areas Of Fog
Santa Cruz,CA,06087,2026-05-09T08:00:00-07:00,53,1 mph,Patchy Fog
Santa Cruz,CA,06087,2026-05-09T09:00:00-07:00,56,1 mph,Mostly Sunny
Santa Cruz,CA,06087,2026-05-09T10:00:00-07:00,60,1 mph,Mostly Sunny
Santa Cruz,CA,06087,2026-05-09T11:00:00-07:00,64,6 mph,Sunny
Santa Cruz,CA,06087,2026-05-09T12:00:00-07:00,68,6 mph,Sunny
Santa Cruz,CA,06087,2026-05-09T13:00:00-07:00,71,6 mph,Sunny
Santa Cruz,CA,06087,2026-05-09T14:00:00-07:00,73,9 mph,Sunny
Santa Cruz,CA,06087,2026-05-09T15:00:00-07:00,76,9 mph,Sunny
Santa Cruz,CA,06087,2026-05-09T16:00:00-07:00,76,9 mph,Sunny
Santa Cruz,CA,06087,2026-05-09T17:00:00-07:00,76,9 mph,Sunny
Santa Cruz,CA,06087,2026-05-09T18:00:00-07:00,72,9 mph,Clear
Santa Cruz,CA,06087,2026-05-09T19:00:00-07:00,68,9 mph,Clear
Santa Cruz,CA,06087,2026-05-09T20:00:00-07:00,64,7 mph,Mostly Clear
Santa Cruz,CA,06087,2026-05-09T21:00:00-07:00,61,7 mph,Mostly Clear
Santa Cruz,CA,06087,2026-05-09T22:00:00-07:00,58,7 mph,Mostly Clear
Santa Cruz,CA,06087,2026-05-09T23:00:00-07:00,57,5 mph,Mostly Clear
Santa Cruz,CA,06087,2026-05-10T00:00:00-07:00,55,5 mph,Mostly Clear
Santa Cruz,CA,06087,2026-05-10T01:00:00-07:00,54,5 mph,Mostly Clear
Santa Cruz,CA,06087,2026-05-10T02:00:00-07:00,53,3 mph,Partly Cloudy
Santa Cruz,CA,06087,2026-05-10T03:00:00-07:00,52,3 mph,Partly Cloudy
Santa Cruz,CA,06087,2026-05-10T04:00:00-07:00,51,3 mph,Partly Cloudy
Santa Cruz,CA,06087,2026-05-10T05:00:00-07:00,51,2 mph,Partly Cloudy
Santa Cruz,CA,06087,2026-05-10T06:00:00-07:00,51,2 mph,Mostly Sunny
Santa Cruz,CA,06087,2026-05-10T07:00:00-07:00,52,2 mph,Mostly Sunny
Santa Cruz,CA,06087,2026-05-10T08:00:00-07:00,54,2 mph,Mostly Sunny
Santa Cruz,CA,06087,2026-05-10T09:00:00-07:00,57,2 mph,Mostly Sunny
Santa Cruz,CA,06087,2026-05-10T10:00:00-07:00,60,2 mph,Mostly Sunny
Santa Cruz,CA,06087,2026-05-10T11:00:00-07:00,64,6 mph,Sunny
Santa Cruz,CA,06087,2026-05-10T12:00:00-07:00,67,6 mph,Sunny
Santa Cruz,CA,06087,2026-05-10T13:00:00-07:00,70,6 mph,Sunny
Santa Cruz,CA,06087,2026-05-10T14:00:00-07:00,72,8 mph,Sunny
Santa Cruz,CA,06087,2026-05-10T15:00:00-07:00,74,8 mph,Sunny
Santa Cruz,CA,06087,2026-05-10T16:00:00-07:00,76,8 mph,Sunny
Santa Cruz,CA,06087,2026-05-10T17:00:00-07:00,76,7 mph,Sunny
Santa Cruz,CA,06087,2026-05-10T18:00:00-07:00,73,7 mph,Mostly Clear
Santa Cruz,CA,06087,2026-05-10T19:00:00-07:00,68,7 mph,Mostly Clear
Santa Cruz,CA,06087,2026-05-10T20:00:00-07:00,63,3 mph,Mostly Clear
Santa Cruz,CA,06087,2026-05-10T21:00:00-07:00,60,3 mph,Mostly Clear
Santa Cruz,CA,06087,2026-05-10T22:00:00-07:00,58,3 mph,Mostly Clear
Santa Cruz,CA,06087,2026-05-10T23:00:00-07:00,56,1 mph,Partly Cloudy
Santa Cruz,CA,06087,2026-05-11T00:00:00-07:00,55,1 mph,Patchy Fog
Santa Cruz,CA,06087,2026-05-11T01:00:00-07:00,54,1 mph,Patchy Fog
Santa Cruz,CA,06087,2026-05-11T02:00:00-07:00,53,0 mph,Patchy Fog
Santa Cruz,CA,06087,2026-05-11T03:00:00-07:00,52,0 mph,Patchy Fog
Santa Cruz,CA,06087,2026-05-11T04:00:00-07:00,52,0 mph,Patchy Fog
Santa Cruz,CA,06087,2026-05-11T05:00:00-07:00,52,0 mph,Patchy Fog
Santa Cruz,CA,06087,2026-05-11T06:00:00-07:00,52,0 mph,Patchy Fog
Santa Cruz,CA,06087,2026-05-11T07:00:00-07:00,54,0 mph,Patchy Fog
Santa Cruz,CA,06087,2026-05-11T08:00:00-07:00,56,0 mph,Partly Sunny
Santa Cruz,CA,06087,2026-05-11T09:00:00-07:00,60,0 mph,Partly Sunny
Santa Cruz,CA,06087,2026-05-11T10:00:00-07:00,65,0 mph,Partly Sunny
Santa Cruz,CA,06087,2026-05-11T11:00:00-07:00,70,2 mph,Mostly Sunny
Santa Cruz,CA,06087,2026-05-11T12:00:00-07:00,73,2 mph,Mostly Sunny
Santa Cruz,CA,06087,2026-05-11T13:00:00-07:00,76,2 mph,Mostly Sunny
Santa Cruz,CA,06087,2026-05-11T14:00:00-07:00,78,5 mph,Mostly Sunny
Santa Cruz,CA,06087,2026-05-11T15:00:00-07:00,80,5 mph,Mostly Sunny
Santa Cruz,CA,06087,2026-05-11T16:00:00-07:00,80,5 mph,Mostly Sunny
Santa Cruz,CA,06087,2026-05-11T17:00:00-07:00,78,3 mph,Mostly Sunny
Santa Cruz,CA,06087,2026-05-11T18:00:00-07:00,74,3 mph,Partly Cloudy
Santa Cruz,CA,06087,2026-05-11T19:00:00-07:00,69,3 mph,Partly Cloudy
Santa Cruz,CA,06087,2026-05-11T20:00:00-07:00,64,0 mph,Partly Cloudy
Santa Cruz,CA,06087,2026-05-11T21:00:00-07:00,61,0 mph,Partly Cloudy
Santa Cruz,CA,06087,2026-05-11T22:00:00-07:00,60,0 mph,Partly Cloudy
Santa Cruz,CA,06087,2026-05-11T23:00:00-07:00,58,0 mph,Partly Cloudy
Santa Cruz,CA,06087,2026-05-12T00:00:00-07:00,57,0 mph,Partly Cloudy
Santa Cruz,CA,06087,2026-05-12T01:00:00-07:00,56,0 mph,Partly Cloudy
Santa Cruz,CA,06087,2026-05-12T02:00:00-07:00,55,0 mph,Partly Cloudy
Santa Cruz,CA,06087,2026-05-12T03:00:00-07:00,54,0 mph,Partly Cloudy
Santa Cruz,CA,06087,2026-05-12T04:00:00-07:00,54,0 mph,Partly Cloudy
Santa Cruz,CA,06087,2026-05-12T05:00:00-07:00,54,0 mph,Partly Cloudy
Santa Cruz,CA,06087,2026-05-12T06:00:00-07:00,55,0 mph,Mostly Sunny
Santa Cruz,CA,06087,2026-05-12T07:00:00-07:00,56,0 mph,Mostly Sunny
Santa Cruz,CA,06087,2026-05-12T08:00:00-07:00,58,0 mph,Mostly Sunny
Santa Cruz,CA,06087,2026-05-12T09:00:00-07:00,62,0 mph,Mostly Sunny
Santa Cruz,CA,06087,2026-05-12T10:00:00-07:00,65,0 mph,Mostly Sunny
Santa Cruz,CA,06087,2026-05-12T11:00:00-07:00,69,3 mph,Mostly Sunny
Santa Cruz,CA,06087,2026-05-12T12:00:00-07:00,72,3 mph,Mostly Sunny
Santa Cruz,CA,06087,2026-05-12T13:00:00-07:00,74,3 mph,Mostly Sunny
Santa Cruz,CA,06087,2026-05-12T14:00:00-07:00,76,6 mph,Mostly Sunny
Santa Cruz,CA,06087,2026-05-12T15:00:00-07:00,77,6 mph,Mostly Sunny
Santa Cruz,CA,06087,2026-05-12T16:00:00-07:00,77,6 mph,Mostly Sunny
Santa Cruz,CA,06087,2026-05-12T17:00:00-07:00,75,5 mph,Sunny
Santa Cruz,CA,06087,2026-05-12T18:00:00-07:00,72,5 mph,Mostly Clear
Santa Cruz,CA,06087,2026-05-12T19:00:00-07:00,68,5 mph,Mostly Clear
Santa Cruz,CA,06087,2026-05-12T20:00:00-07:00,64,2 mph,Mostly Clear
Santa Cruz,CA,06087,2026-05-12T21:00:00-07:00,61,2 mph,Mostly Clear
Santa Cruz,CA,06087,2026-05-12T22:00:00-07:00,59,2 mph,Mostly Clear
Santa Cruz,CA,06087,2026-05-12T23:00:00-07:00,57,0 mph,Patchy Fog
Santa Cruz,CA,06087,2026-05-13T00:00:00-07:00,56,0 mph,Patchy Fog
Santa Cruz,CA,06087,2026-05-13T01:00:00-07:00,55,0 mph,Areas Of Fog
Santa Cruz,CA,06087,2026-05-13T02:00:00-07:00,54,1 mph,Areas Of Fog
Santa Cruz,CA,06087,2026-05-13T03:00:00-07:00,54,1 mph,Areas Of Fog
Santa Cruz,CA,06087,2026-05-13T04:00:00-07:00,53,1 mph,Areas Of Fog
Santa Cruz,CA,06087,2026-05-13T05:00:00-07:00,53,1 mph,Widespread Fog
Santa Cruz,CA,06087,2026-05-13T06:00:00-07:00,53,1 mph,Widespread Fog
Santa Cruz,CA,06087,2026-05-13T07:00:00-07:00,54,1 mph,Widespread Fog
Santa Cruz,CA,06087,2026-05-13T08:00:00-07:00,55,2 mph,Areas Of Fog
Santa Cruz,CA,06087,2026-05-13T09:00:00-07:00,58,2 mph,Mostly Sunny
Santa Cruz,CA,06087,2026-05-13T10:00:00-07:00,62,2 mph,Mostly Sunny
Santa Cruz,CA,06087,2026-05-13T11:00:00-07:00,66,5 mph,Sunny
Santa Cruz,CA,06087,2026-05-13T12:00:00-07:00,68,5 mph,Sunny
Santa Cruz,CA,06087,2026-05-13T13:00:00-07:00,70,5 mph,Sunny
Santa Cruz,CA,06087,2026-05-13T14:00:00-07:00,72,7 mph,Sunny
Santa Cruz,CA,06087,2026-05-13T15:00:00-07:00,73,7 mph,Sunny
Santa Cruz,CA,06087,2026-05-13T16:00:00-07:00,72,7 mph,Sunny
Santa Cruz,CA,06087,2026-05-13T17:00:00-07:00,71,5 mph,Sunny
Santa Cruz,CA,06087,2026-05-13T18:00:00-07:00,69,5 mph,Mostly Clear
Santa Cruz,CA,06087,2026-05-13T19:00:00-07:00,65,5 mph,Mostly Clear
Santa Cruz,CA,06087,2026-05-13T20:00:00-07:00,62,2 mph,Mostly Clear
Santa Cruz,CA,06087,2026-05-13T21:00:00-07:00,60,2 mph,Mostly Clear
Santa Cruz,CA,06087,2026-05-13T22:00:00-07:00,58,2 mph,Mostly Clear
Santa Cruz,CA,06087,2026-05-13T23:00:00-07:00,56,1 mph,Patchy Fog
Santa Cruz,CA,06087,2026-05-14T00:00:00-07:00,55,1 mph,Areas Of Fog
Santa Cruz,CA,06087,2026-05-14T01:00:00-07:00,54,1 mph,Widespread Fog
Santa Cruz,CA,06087,2026-05-14T02:00:00-07:00,53,0 mph,Widespread Fog
San Luis Obispo,CA,06079,2026-05-07T15:00:00-07:00,72,10 mph,Sunny
San Luis Obispo,CA,06079,2026-05-07T16:00:00-07:00,69,10 mph,Sunny
San Luis Obispo,CA,06079,2026-05-07T17:00:00-07:00,64,10 mph,Mostly Sunny
San Luis Obispo,CA,06079,2026-05-07T18:00:00-07:00,61,10 mph,Partly Cloudy
San Luis Obispo,CA,06079,2026-05-07T19:00:00-07:00,57,10 mph,Partly Cloudy
San Luis Obispo,CA,06079,2026-05-07T20:00:00-07:00,55,10 mph,Partly Cloudy
San Luis Obispo,CA,06079,2026-05-07T21:00:00-07:00,55,10 mph,Partly Cloudy
San Luis Obispo,CA,06079,2026-05-07T22:00:00-07:00,55,10 mph,Partly Cloudy
San Luis Obispo,CA,06079,2026-05-07T23:00:00-07:00,56,5 mph,Partly Cloudy
San Luis Obispo,CA,06079,2026-05-08T00:00:00-07:00,56,5 mph,Partly Cloudy
San Luis Obispo,CA,06079,2026-05-08T01:00:00-07:00,56,5 mph,Partly Cloudy
San Luis Obispo,CA,06079,2026-05-08T02:00:00-07:00,57,5 mph,Partly Cloudy
San Luis Obispo,CA,06079,2026-05-08T03:00:00-07:00,56,5 mph,Partly Cloudy
San Luis Obispo,CA,06079,2026-05-08T04:00:00-07:00,55,5 mph,Partly Cloudy
San Luis Obispo,CA,06079,2026-05-08T05:00:00-07:00,57,5 mph,Partly Cloudy
San Luis Obispo,CA,06079,2026-05-08T06:00:00-07:00,55,5 mph,Mostly Sunny
San Luis Obispo,CA,06079,2026-05-08T07:00:00-07:00,59,5 mph,Mostly Sunny
San Luis Obispo,CA,06079,2026-05-08T08:00:00-07:00,66,5 mph,Mostly Sunny
San Luis Obispo,CA,06079,2026-05-08T09:00:00-07:00,75,5 mph,Mostly Sunny
San Luis Obispo,CA,06079,2026-05-08T10:00:00-07:00,82,5 mph,Mostly Sunny
San Luis Obispo,CA,06079,2026-05-08T11:00:00-07:00,81,10 mph,Sunny
San Luis Obispo,CA,06079,2026-05-08T12:00:00-07:00,82,10 mph,Sunny
San Luis Obispo,CA,06079,2026-05-08T13:00:00-07:00,80,10 mph,Sunny
San Luis Obispo,CA,06079,2026-05-08T14:00:00-07:00,77,15 mph,Sunny
San Luis Obispo,CA,06079,2026-05-08T15:00:00-07:00,76,15 mph,Sunny
San Luis Obispo,CA,06079,2026-05-08T16:00:00-07:00,75,15 mph,Sunny
San Luis Obispo,CA,06079,2026-05-08T17:00:00-07:00,71,15 mph,Sunny
San Luis Obispo,CA,06079,2026-05-08T18:00:00-07:00,67,15 mph,Mostly Clear
San Luis Obispo,CA,06079,2026-05-08T19:00:00-07:00,62,15 mph,Mostly Clear
San Luis Obispo,CA,06079,2026-05-08T20:00:00-07:00,60,10 mph,Mostly Clear
San Luis Obispo,CA,06079,2026-05-08T21:00:00-07:00,61,10 mph,Mostly Clear
San Luis Obispo,CA,06079,2026-05-08T22:00:00-07:00,61,10 mph,Mostly Clear
San Luis Obispo,CA,06079,2026-05-08T23:00:00-07:00,62,5 mph,Mostly Clear
San Luis Obispo,CA,06079,2026-05-09T00:00:00-07:00,61,5 mph,Mostly Clear
San Luis Obispo,CA,06079,2026-05-09T01:00:00-07:00,61,5 mph,Mostly Clear
San Luis Obispo,CA,06079,2026-05-09T02:00:00-07:00,62,5 mph,Mostly Clear
San Luis Obispo,CA,06079,2026-05-09T03:00:00-07:00,60,5 mph,Mostly Clear
San Luis Obispo,CA,06079,2026-05-09T04:00:00-07:00,58,5 mph,Mostly Clear
San Luis Obispo,CA,06079,2026-05-09T05:00:00-07:00,60,5 mph,Clear
San Luis Obispo,CA,06079,2026-05-09T06:00:00-07:00,57,5 mph,Sunny
San Luis Obispo,CA,06079,2026-05-09T07:00:00-07:00,62,5 mph,Sunny
San Luis Obispo,CA,06079,2026-05-09T08:00:00-07:00,70,5 mph,Sunny
San Luis Obispo,CA,06079,2026-05-09T09:00:00-07:00,77,5 mph,Sunny
San Luis Obispo,CA,06079,2026-05-09T10:00:00-07:00,84,5 mph,Sunny
San Luis Obispo,CA,06079,2026-05-09T11:00:00-07:00,85,10 mph,Sunny
San Luis Obispo,CA,06079,2026-05-09T12:00:00-07:00,85,10 mph,Sunny
San Luis Obispo,CA,06079,2026-05-09T13:00:00-07:00,83,10 mph,Sunny
San Luis Obispo,CA,06079,2026-05-09T14:00:00-07:00,80,15 mph,Sunny
San Luis Obispo,CA,06079,2026-05-09T15:00:00-07:00,78,15 mph,Sunny
San Luis Obispo,CA,06079,2026-05-09T16:00:00-07:00,73,15 mph,Sunny
San Luis Obispo,CA,06079,2026-05-09T17:00:00-07:00,68,15 mph,Sunny
San Luis Obispo,CA,06079,2026-05-09T18:00:00-07:00,66,15 mph,Mostly Clear
San Luis Obispo,CA,06079,2026-05-09T19:00:00-07:00,67,15 mph,Mostly Clear
San Luis Obispo,CA,06079,2026-05-09T20:00:00-07:00,67,10 mph,Mostly Clear
San Luis Obispo,CA,06079,2026-05-09T21:00:00-07:00,65,10 mph,Mostly Clear
San Luis Obispo,CA,06079,2026-05-09T22:00:00-07:00,62,10 mph,Mostly Clear
San Luis Obispo,CA,06079,2026-05-09T23:00:00-07:00,60,0 mph,Mostly Clear
San Luis Obispo,CA,06079,2026-05-10T00:00:00-07:00,59,0 mph,Mostly Clear
San Luis Obispo,CA,06079,2026-05-10T01:00:00-07:00,60,0 mph,Mostly Clear
San Luis Obispo,CA,06079,2026-05-10T02:00:00-07:00,60,0 mph,Mostly Clear
San Luis Obispo,CA,06079,2026-05-10T03:00:00-07:00,59,0 mph,Mostly Clear
San Luis Obispo,CA,06079,2026-05-10T04:00:00-07:00,58,0 mph,Mostly Clear
San Luis Obispo,CA,06079,2026-05-10T05:00:00-07:00,58,0 mph,Mostly Clear
San Luis Obispo,CA,06079,2026-05-10T06:00:00-07:00,60,0 mph,Sunny
San Luis Obispo,CA,06079,2026-05-10T07:00:00-07:00,64,0 mph,Sunny
San Luis Obispo,CA,06079,2026-05-10T08:00:00-07:00,68,0 mph,Sunny
San Luis Obispo,CA,06079,2026-05-10T09:00:00-07:00,73,0 mph,Sunny
San Luis Obispo,CA,06079,2026-05-10T10:00:00-07:00,78,0 mph,Sunny
San Luis Obispo,CA,06079,2026-05-10T11:00:00-07:00,82,5 mph,Sunny
San Luis Obispo,CA,06079,2026-05-10T12:00:00-07:00,84,5 mph,Sunny
San Luis Obispo,CA,06079,2026-05-10T13:00:00-07:00,85,5 mph,Sunny
San Luis Obispo,CA,06079,2026-05-10T14:00:00-07:00,82,10 mph,Sunny
San Luis Obispo,CA,06079,2026-05-10T15:00:00-07:00,81,10 mph,Sunny
San Luis Obispo,CA,06079,2026-05-10T16:00:00-07:00,80,10 mph,Sunny
San Luis Obispo,CA,06079,2026-05-10T17:00:00-07:00,78,10 mph,Sunny
San Luis Obispo,CA,06079,2026-05-10T18:00:00-07:00,74,10 mph,Clear
San Luis Obispo,CA,06079,2026-05-10T19:00:00-07:00,69,10 mph,Clear
San Luis Obispo,CA,06079,2026-05-10T20:00:00-07:00,65,5 mph,Clear
San Luis Obispo,CA,06079,2026-05-10T21:00:00-07:00,63,5 mph,Clear
San Luis Obispo,CA,06079,2026-05-10T22:00:00-07:00,62,5 mph,Clear
San Luis Obispo,CA,06079,2026-05-10T23:00:00-07:00,61,0 mph,Mostly Clear
San Luis Obispo,CA,06079,2026-05-11T00:00:00-07:00,61,0 mph,Mostly Clear
San Luis Obispo,CA,06079,2026-05-11T01:00:00-07:00,61,0 mph,Mostly Clear
San Luis Obispo,CA,06079,2026-05-11T02:00:00-07:00,61,0 mph,Mostly Clear
San Luis Obispo,CA,06079,2026-05-11T03:00:00-07:00,60,0 mph,Mostly Clear
San Luis Obispo,CA,06079,2026-05-11T04:00:00-07:00,59,0 mph,Mostly Clear
San Luis Obispo,CA,06079,2026-05-11T05:00:00-07:00,60,0 mph,Mostly Clear
San Luis Obispo,CA,06079,2026-05-11T06:00:00-07:00,61,0 mph,Sunny
San Luis Obispo,CA,06079,2026-05-11T07:00:00-07:00,64,0 mph,Sunny
San Luis Obispo,CA,06079,2026-05-11T08:00:00-07:00,67,0 mph,Sunny
San Luis Obispo,CA,06079,2026-05-11T09:00:00-07:00,71,0 mph,Sunny
San Luis Obispo,CA,06079,2026-05-11T10:00:00-07:00,76,0 mph,Sunny
San Luis Obispo,CA,06079,2026-05-11T11:00:00-07:00,80,5 mph,Sunny
San Luis Obispo,CA,06079,2026-05-11T12:00:00-07:00,82,5 mph,Sunny
San Luis Obispo,CA,06079,2026-05-11T13:00:00-07:00,83,5 mph,Sunny
San Luis Obispo,CA,06079,2026-05-11T14:00:00-07:00,83,10 mph,Sunny
San Luis Obispo,CA,06079,2026-05-11T15:00:00-07:00,83,10 mph,Sunny
San Luis Obispo,CA,06079,2026-05-11T16:00:00-07:00,81,10 mph,Sunny
San Luis Obispo,CA,06079,2026-05-11T17:00:00-07:00,79,5 mph,Sunny
San Luis Obispo,CA,06079,2026-05-11T18:00:00-07:00,75,5 mph,Mostly Clear
San Luis Obispo,CA,06079,2026-05-11T19:00:00-07:00,71,5 mph,Mostly Clear
San Luis Obispo,CA,06079,2026-05-11T20:00:00-07:00,67,0 mph,Mostly Clear
San Luis Obispo,CA,06079,2026-05-11T21:00:00-07:00,64,0 mph,Mostly Clear
San Luis Obispo,CA,06079,2026-05-11T22:00:00-07:00,63,0 mph,Mostly Clear
San Luis Obispo,CA,06079,2026-05-11T23:00:00-07:00,62,0 mph,Mostly Clear
San Luis Obispo,CA,06079,2026-05-12T00:00:00-07:00,62,0 mph,Mostly Clear
San Luis Obispo,CA,06079,2026-05-12T01:00:00-07:00,63,0 mph,Mostly Clear
San Luis Obispo,CA,06079,2026-05-12T02:00:00-07:00,63,0 mph,Mostly Clear
San Luis Obispo,CA,06079,2026-05-12T03:00:00-07:00,62,0 mph,Mostly Clear
San Luis Obispo,CA,06079,2026-05-12T04:00:00-07:00,61,0 mph,Mostly Clear
San Luis Obispo,CA,06079,2026-05-12T05:00:00-07:00,61,0 mph,Partly Cloudy
San Luis Obispo,CA,06079,2026-05-12T06:00:00-07:00,61,0 mph,Mostly Sunny
San Luis Obispo,CA,06079,2026-05-12T07:00:00-07:00,63,0 mph,Mostly Sunny
San Luis Obispo,CA,06079,2026-05-12T08:00:00-07:00,65,0 mph,Mostly Sunny
San Luis Obispo,CA,06079,2026-05-12T09:00:00-07:00,69,0 mph,Mostly Sunny
San Luis Obispo,CA,06079,2026-05-12T10:00:00-07:00,72,0 mph,Mostly Sunny
San Luis Obispo,CA,06079,2026-05-12T11:00:00-07:00,75,10 mph,Sunny
San Luis Obispo,CA,06079,2026-05-12T12:00:00-07:00,76,10 mph,Sunny
San Luis Obispo,CA,06079,2026-05-12T13:00:00-07:00,77,10 mph,Sunny
San Luis Obispo,CA,06079,2026-05-12T14:00:00-07:00,77,10 mph,Sunny
San Luis Obispo,CA,06079,2026-05-12T15:00:00-07:00,77,10 mph,Sunny
San Luis Obispo,CA,06079,2026-05-12T16:00:00-07:00,76,10 mph,Sunny
San Luis Obispo,CA,06079,2026-05-12T17:00:00-07:00,74,10 mph,Sunny
San Luis Obispo,CA,06079,2026-05-12T18:00:00-07:00,70,10 mph,Mostly Clear
San Luis Obispo,CA,06079,2026-05-12T19:00:00-07:00,67,10 mph,Mostly Clear
San Luis Obispo,CA,06079,2026-05-12T20:00:00-07:00,63,5 mph,Mostly Clear
San Luis Obispo,CA,06079,2026-05-12T21:00:00-07:00,61,5 mph,Mostly Clear
San Luis Obispo,CA,06079,2026-05-12T22:00:00-07:00,60,5 mph,Mostly Clear
San Luis Obispo,CA,06079,2026-05-12T23:00:00-07:00,59,0 mph,Partly Cloudy
San Luis Obispo,CA,06079,2026-05-13T00:00:00-07:00,59,0 mph,Partly Cloudy
San Luis Obispo,CA,06079,2026-05-13T01:00:00-07:00,59,0 mph,Partly Cloudy
San Luis Obispo,CA,06079,2026-05-13T02:00:00-07:00,59,0 mph,Partly Cloudy
San Luis Obispo,CA,06079,2026-05-13T03:00:00-07:00,58,0 mph,Partly Cloudy
San Luis Obispo,CA,06079,2026-05-13T04:00:00-07:00,58,0 mph,Partly Cloudy
San Luis Obispo,CA,06079,2026-05-13T05:00:00-07:00,58,0 mph,Partly Cloudy
San Luis Obispo,CA,06079,2026-05-13T06:00:00-07:00,58,0 mph,Mostly Sunny
San Luis Obispo,CA,06079,2026-05-13T07:00:00-07:00,58,0 mph,Mostly Sunny
San Luis Obispo,CA,06079,2026-05-13T08:00:00-07:00,60,0 mph,Mostly Sunny
San Luis Obispo,CA,06079,2026-05-13T09:00:00-07:00,63,0 mph,Mostly Sunny
San Luis Obispo,CA,06079,2026-05-13T10:00:00-07:00,67,0 mph,Mostly Sunny
San Luis Obispo,CA,06079,2026-05-13T11:00:00-07:00,70,10 mph,Sunny
San Luis Obispo,CA,06079,2026-05-13T12:00:00-07:00,72,10 mph,Sunny
San Luis Obispo,CA,06079,2026-05-13T13:00:00-07:00,73,10 mph,Sunny
San Luis Obispo,CA,06079,2026-05-13T14:00:00-07:00,73,10 mph,Sunny
San Luis Obispo,CA,06079,2026-05-13T15:00:00-07:00,73,10 mph,Sunny
San Luis Obispo,CA,06079,2026-05-13T16:00:00-07:00,72,10 mph,Sunny
San Luis Obispo,CA,06079,2026-05-13T17:00:00-07:00,70,10 mph,Sunny
San Luis Obispo,CA,06079,2026-05-13T18:00:00-07:00,67,10 mph,Mostly Clear
San Luis Obispo,CA,06079,2026-05-13T19:00:00-07:00,64,10 mph,Mostly Clear
San Luis Obispo,CA,06079,2026-05-13T20:00:00-07:00,61,5 mph,Mostly Clear
San Luis Obispo,CA,06079,2026-05-13T21:00:00-07:00,59,5 mph,Mostly Clear
San Luis Obispo,CA,06079,2026-05-13T22:00:00-07:00,58,5 mph,Mostly Clear
San Luis Obispo,CA,06079,2026-05-13T23:00:00-07:00,57,0 mph,Mostly Clear
San Luis Obispo,CA,06079,2026-05-14T00:00:00-07:00,57,0 mph,Mostly Clear
San Luis Obispo,CA,06079,2026-05-14T01:00:00-07:00,57,0 mph,Mostly Clear
San Luis Obispo,CA,06079,2026-05-14T02:00:00-07:00,56,0 mph,Mostly Clear
Monterey,CA,06053,2026-05-07T15:00:00-07:00,61,14 mph,Sunny
Monterey,CA,06053,2026-05-07T16:00:00-07:00,62,14 mph,Sunny
Monterey,CA,06053,2026-05-07T17:00:00-07:00,60,14 mph,Mostly Sunny
Monterey,CA,06053,2026-05-07T18:00:00-07:00,60,13 mph,Partly Cloudy
Monterey,CA,06053,2026-05-07T19:00:00-07:00,58,12 mph,Partly Cloudy
Monterey,CA,06053,2026-05-07T20:00:00-07:00,56,12 mph,Mostly Cloudy
Monterey,CA,06053,2026-05-07T21:00:00-07:00,56,13 mph,Mostly Cloudy
Monterey,CA,06053,2026-05-07T22:00:00-07:00,56,13 mph,Mostly Cloudy
Monterey,CA,06053,2026-05-07T23:00:00-07:00,56,13 mph,Mostly Cloudy
Monterey,CA,06053,2026-05-08T00:00:00-07:00,55,13 mph,Mostly Cloudy
Monterey,CA,06053,2026-05-08T01:00:00-07:00,55,12 mph,Mostly Cloudy
Monterey,CA,06053,2026-05-08T02:00:00-07:00,55,10 mph,Mostly Cloudy
Monterey,CA,06053,2026-05-08T03:00:00-07:00,54,9 mph,Mostly Cloudy
Monterey,CA,06053,2026-05-08T04:00:00-07:00,54,9 mph,Mostly Cloudy
Monterey,CA,06053,2026-05-08T05:00:00-07:00,53,8 mph,Mostly Cloudy
Monterey,CA,06053,2026-05-08T06:00:00-07:00,52,8 mph,Mostly Cloudy
Monterey,CA,06053,2026-05-08T07:00:00-07:00,53,8 mph,Mostly Cloudy
Monterey,CA,06053,2026-05-08T08:00:00-07:00,54,8 mph,Mostly Cloudy
Monterey,CA,06053,2026-05-08T09:00:00-07:00,55,9 mph,Mostly Cloudy
Monterey,CA,06053,2026-05-08T10:00:00-07:00,56,12 mph,Partly Sunny
Monterey,CA,06053,2026-05-08T11:00:00-07:00,58,13 mph,Partly Sunny
Monterey,CA,06053,2026-05-08T12:00:00-07:00,59,15 mph,Partly Sunny
Monterey,CA,06053,2026-05-08T13:00:00-07:00,59,16 mph,Mostly Sunny
Monterey,CA,06053,2026-05-08T14:00:00-07:00,60,16 mph,Mostly Sunny
Monterey,CA,06053,2026-05-08T15:00:00-07:00,60,16 mph,Mostly Sunny
Monterey,CA,06053,2026-05-08T16:00:00-07:00,60,15 mph,Sunny
Monterey,CA,06053,2026-05-08T17:00:00-07:00,61,15 mph,Sunny
Monterey,CA,06053,2026-05-08T18:00:00-07:00,60,15 mph,Partly Cloudy
Monterey,CA,06053,2026-05-08T19:00:00-07:00,58,14 mph,Partly Cloudy
Monterey,CA,06053,2026-05-08T20:00:00-07:00,58,14 mph,Partly Cloudy
Monterey,CA,06053,2026-05-08T21:00:00-07:00,56,13 mph,Partly Cloudy
Monterey,CA,06053,2026-05-08T22:00:00-07:00,56,12 mph,Partly Cloudy
Monterey,CA,06053,2026-05-08T23:00:00-07:00,56,10 mph,Partly Cloudy
Monterey,CA,06053,2026-05-09T00:00:00-07:00,55,10 mph,Partly Cloudy
Monterey,CA,06053,2026-05-09T01:00:00-07:00,54,10 mph,Partly Cloudy
Monterey,CA,06053,2026-05-09T02:00:00-07:00,54,7 mph,Partly Cloudy
Monterey,CA,06053,2026-05-09T03:00:00-07:00,54,7 mph,Partly Cloudy
Monterey,CA,06053,2026-05-09T04:00:00-07:00,52,7 mph,Partly Cloudy
Monterey,CA,06053,2026-05-09T05:00:00-07:00,53,5 mph,Mostly Cloudy
Monterey,CA,06053,2026-05-09T06:00:00-07:00,53,5 mph,Mostly Cloudy
Monterey,CA,06053,2026-05-09T07:00:00-07:00,54,5 mph,Mostly Cloudy
Monterey,CA,06053,2026-05-09T08:00:00-07:00,55,5 mph,Mostly Sunny
Monterey,CA,06053,2026-05-09T09:00:00-07:00,57,5 mph,Mostly Sunny
Monterey,CA,06053,2026-05-09T10:00:00-07:00,58,5 mph,Mostly Sunny
Monterey,CA,06053,2026-05-09T11:00:00-07:00,59,12 mph,Sunny
Monterey,CA,06053,2026-05-09T12:00:00-07:00,60,12 mph,Sunny
Monterey,CA,06053,2026-05-09T13:00:00-07:00,61,12 mph,Sunny
Monterey,CA,06053,2026-05-09T14:00:00-07:00,61,15 mph,Sunny
Monterey,CA,06053,2026-05-09T15:00:00-07:00,61,15 mph,Sunny
Monterey,CA,06053,2026-05-09T16:00:00-07:00,61,15 mph,Sunny
Monterey,CA,06053,2026-05-09T17:00:00-07:00,61,16 mph,Sunny
Monterey,CA,06053,2026-05-09T18:00:00-07:00,60,16 mph,Mostly Clear
Monterey,CA,06053,2026-05-09T19:00:00-07:00,59,16 mph,Mostly Clear
Monterey,CA,06053,2026-05-09T20:00:00-07:00,58,15 mph,Mostly Clear
Monterey,CA,06053,2026-05-09T21:00:00-07:00,57,15 mph,Mostly Clear
Monterey,CA,06053,2026-05-09T22:00:00-07:00,57,15 mph,Mostly Clear
Monterey,CA,06053,2026-05-09T23:00:00-07:00,56,13 mph,Partly Cloudy
Monterey,CA,06053,2026-05-10T00:00:00-07:00,56,13 mph,Partly Cloudy
Monterey,CA,06053,2026-05-10T01:00:00-07:00,55,13 mph,Partly Cloudy
Monterey,CA,06053,2026-05-10T02:00:00-07:00,54,12 mph,Partly Cloudy
Monterey,CA,06053,2026-05-10T03:00:00-07:00,54,12 mph,Partly Cloudy
Monterey,CA,06053,2026-05-10T04:00:00-07:00,53,12 mph,Partly Cloudy
Monterey,CA,06053,2026-05-10T05:00:00-07:00,53,9 mph,Mostly Cloudy
Monterey,CA,06053,2026-05-10T06:00:00-07:00,53,9 mph,Partly Sunny
Monterey,CA,06053,2026-05-10T07:00:00-07:00,54,9 mph,Partly Sunny
Monterey,CA,06053,2026-05-10T08:00:00-07:00,55,9 mph,Partly Sunny
Monterey,CA,06053,2026-05-10T09:00:00-07:00,56,9 mph,Partly Sunny
Monterey,CA,06053,2026-05-10T10:00:00-07:00,58,9 mph,Partly Sunny
Monterey,CA,06053,2026-05-10T11:00:00-07:00,60,13 mph,Mostly Sunny
Monterey,CA,06053,2026-05-10T12:00:00-07:00,61,13 mph,Mostly Sunny
Monterey,CA,06053,2026-05-10T13:00:00-07:00,62,13 mph,Mostly Sunny
Monterey,CA,06053,2026-05-10T14:00:00-07:00,62,15 mph,Sunny
Monterey,CA,06053,2026-05-10T15:00:00-07:00,62,15 mph,Sunny
Monterey,CA,06053,2026-05-10T16:00:00-07:00,62,15 mph,Sunny
Monterey,CA,06053,2026-05-10T17:00:00-07:00,61,12 mph,Sunny
Monterey,CA,06053,2026-05-10T18:00:00-07:00,60,12 mph,Mostly Clear
Monterey,CA,06053,2026-05-10T19:00:00-07:00,58,12 mph,Mostly Clear
Monterey,CA,06053,2026-05-10T20:00:00-07:00,57,9 mph,Mostly Clear
Monterey,CA,06053,2026-05-10T21:00:00-07:00,57,9 mph,Mostly Clear
Monterey,CA,06053,2026-05-10T22:00:00-07:00,56,9 mph,Mostly Clear
Monterey,CA,06053,2026-05-10T23:00:00-07:00,56,6 mph,Partly Cloudy
Monterey,CA,06053,2026-05-11T00:00:00-07:00,55,6 mph,Partly Cloudy
Monterey,CA,06053,2026-05-11T01:00:00-07:00,55,6 mph,Partly Cloudy
Monterey,CA,06053,2026-05-11T02:00:00-07:00,54,2 mph,Partly Cloudy
Monterey,CA,06053,2026-05-11T03:00:00-07:00,54,2 mph,Partly Cloudy
Monterey,CA,06053,2026-05-11T04:00:00-07:00,54,2 mph,Partly Cloudy
Monterey,CA,06053,2026-05-11T05:00:00-07:00,54,1 mph,Mostly Cloudy
Monterey,CA,06053,2026-05-11T06:00:00-07:00,54,1 mph,Partly Sunny
Monterey,CA,06053,2026-05-11T07:00:00-07:00,54,1 mph,Partly Sunny
Monterey,CA,06053,2026-05-11T08:00:00-07:00,56,1 mph,Partly Sunny
Monterey,CA,06053,2026-05-11T09:00:00-07:00,58,1 mph,Partly Sunny
Monterey,CA,06053,2026-05-11T10:00:00-07:00,62,1 mph,Partly Sunny
Monterey,CA,06053,2026-05-11T11:00:00-07:00,64,5 mph,Mostly Sunny
Monterey,CA,06053,2026-05-11T12:00:00-07:00,66,5 mph,Mostly Sunny
Monterey,CA,06053,2026-05-11T13:00:00-07:00,66,5 mph,Mostly Sunny
Monterey,CA,06053,2026-05-11T14:00:00-07:00,66,7 mph,Mostly Sunny
Monterey,CA,06053,2026-05-11T15:00:00-07:00,66,7 mph,Mostly Sunny
Monterey,CA,06053,2026-05-11T16:00:00-07:00,65,7 mph,Mostly Sunny
Monterey,CA,06053,2026-05-11T17:00:00-07:00,64,6 mph,Mostly Sunny
Monterey,CA,06053,2026-05-11T18:00:00-07:00,62,6 mph,Partly Cloudy
Monterey,CA,06053,2026-05-11T19:00:00-07:00,61,6 mph,Partly Cloudy
Monterey,CA,06053,2026-05-11T20:00:00-07:00,59,1 mph,Partly Cloudy
Monterey,CA,06053,2026-05-11T21:00:00-07:00,58,1 mph,Partly Cloudy
Monterey,CA,06053,2026-05-11T22:00:00-07:00,58,1 mph,Partly Cloudy
Monterey,CA,06053,2026-05-11T23:00:00-07:00,57,1 mph,Partly Cloudy
Monterey,CA,06053,2026-05-12T00:00:00-07:00,56,1 mph,Partly Cloudy
Monterey,CA,06053,2026-05-12T01:00:00-07:00,56,1 mph,Partly Cloudy
Monterey,CA,06053,2026-05-12T02:00:00-07:00,55,1 mph,Partly Cloudy
Monterey,CA,06053,2026-05-12T03:00:00-07:00,54,1 mph,Partly Cloudy
Monterey,CA,06053,2026-05-12T04:00:00-07:00,54,1 mph,Partly Cloudy
Monterey,CA,06053,2026-05-12T05:00:00-07:00,54,1 mph,Partly Cloudy
Monterey,CA,06053,2026-05-12T06:00:00-07:00,55,1 mph,Mostly Sunny
Monterey,CA,06053,2026-05-12T07:00:00-07:00,56,1 mph,Mostly Sunny
Monterey,CA,06053,2026-05-12T08:00:00-07:00,58,1 mph,Mostly Sunny
Monterey,CA,06053,2026-05-12T09:00:00-07:00,60,1 mph,Mostly Sunny
Monterey,CA,06053,2026-05-12T10:00:00-07:00,62,1 mph,Mostly Sunny
Monterey,CA,06053,2026-05-12T11:00:00-07:00,64,7 mph,Mostly Sunny
Monterey,CA,06053,2026-05-12T12:00:00-07:00,65,7 mph,Mostly Sunny
Monterey,CA,06053,2026-05-12T13:00:00-07:00,65,7 mph,Mostly Sunny
Monterey,CA,06053,2026-05-12T14:00:00-07:00,65,9 mph,Mostly Sunny
Monterey,CA,06053,2026-05-12T15:00:00-07:00,65,9 mph,Mostly Sunny
Monterey,CA,06053,2026-05-12T16:00:00-07:00,65,9 mph,Mostly Sunny
Monterey,CA,06053,2026-05-12T17:00:00-07:00,64,8 mph,Sunny
Monterey,CA,06053,2026-05-12T18:00:00-07:00,62,8 mph,Mostly Clear
Monterey,CA,06053,2026-05-12T19:00:00-07:00,60,8 mph,Mostly Clear
Monterey,CA,06053,2026-05-12T20:00:00-07:00,59,6 mph,Mostly Clear
Monterey,CA,06053,2026-05-12T21:00:00-07:00,58,6 mph,Mostly Clear
Monterey,CA,06053,2026-05-12T22:00:00-07:00,58,6 mph,Mostly Clear
Monterey,CA,06053,2026-05-12T23:00:00-07:00,57,3 mph,Partly Cloudy
Monterey,CA,06053,2026-05-13T00:00:00-07:00,56,3 mph,Partly Cloudy
Monterey,CA,06053,2026-05-13T01:00:00-07:00,56,3 mph,Partly Cloudy
Monterey,CA,06053,2026-05-13T02:00:00-07:00,55,3 mph,Partly Cloudy
Monterey,CA,06053,2026-05-13T03:00:00-07:00,55,3 mph,Patchy Fog
Monterey,CA,06053,2026-05-13T04:00:00-07:00,55,3 mph,Partly Cloudy
Monterey,CA,06053,2026-05-13T05:00:00-07:00,55,5 mph,Partly Cloudy
Monterey,CA,06053,2026-05-13T06:00:00-07:00,55,5 mph,Mostly Sunny
Monterey,CA,06053,2026-05-13T07:00:00-07:00,55,5 mph,Mostly Sunny
Monterey,CA,06053,2026-05-13T08:00:00-07:00,56,7 mph,Mostly Sunny
Monterey,CA,06053,2026-05-13T09:00:00-07:00,58,7 mph,Mostly Sunny
Monterey,CA,06053,2026-05-13T10:00:00-07:00,60,7 mph,Mostly Sunny
Monterey,CA,06053,2026-05-13T11:00:00-07:00,62,10 mph,Sunny
Monterey,CA,06053,2026-05-13T12:00:00-07:00,63,10 mph,Sunny
Monterey,CA,06053,2026-05-13T13:00:00-07:00,64,10 mph,Sunny
Monterey,CA,06053,2026-05-13T14:00:00-07:00,64,12 mph,Sunny
Monterey,CA,06053,2026-05-13T15:00:00-07:00,64,12 mph,Sunny
Monterey,CA,06053,2026-05-13T16:00:00-07:00,63,12 mph,Sunny
Monterey,CA,06053,2026-05-13T17:00:00-07:00,62,9 mph,Sunny
Monterey,CA,06053,2026-05-13T18:00:00-07:00,61,9 mph,Mostly Clear
Monterey,CA,06053,2026-05-13T19:00:00-07:00,59,9 mph,Mostly Clear
Monterey,CA,06053,2026-05-13T20:00:00-07:00,58,6 mph,Mostly Clear
Monterey,CA,06053,2026-05-13T21:00:00-07:00,57,6 mph,Mostly Clear
Monterey,CA,06053,2026-05-13T22:00:00-07:00,57,6 mph,Mostly Clear
Monterey,CA,06053,2026-05-13T23:00:00-07:00,57,3 mph,Mostly Clear
Monterey,CA,06053,2026-05-14T00:00:00-07:00,56,3 mph,Mostly Clear
Monterey,CA,06053,2026-05-14T01:00:00-07:00,55,3 mph,Mostly Clear
Monterey,CA,06053,2026-05-14T02:00:00-07:00,55,2 mph,Mostly Clear
Santa Barbara,CA,06083,2026-05-07T15:00:00-07:00,73,10 mph,Sunny
Santa Barbara,CA,06083,2026-05-07T16:00:00-07:00,73,10 mph,Sunny
Santa Barbara,CA,06083,2026-05-07T17:00:00-07:00,75,5 mph,Sunny
Santa Barbara,CA,06083,2026-05-07T18:00:00-07:00,73,5 mph,Mostly Clear
Santa Barbara,CA,06083,2026-05-07T19:00:00-07:00,70,5 mph,Mostly Clear
Santa Barbara,CA,06083,2026-05-07T20:00:00-07:00,67,5 mph,Mostly Clear
Santa Barbara,CA,06083,2026-05-07T21:00:00-07:00,65,5 mph,Mostly Clear
Santa Barbara,CA,06083,2026-05-07T22:00:00-07:00,63,5 mph,Mostly Clear
Santa Barbara,CA,06083,2026-05-07T23:00:00-07:00,62,5 mph,Partly Cloudy
Santa Barbara,CA,06083,2026-05-08T00:00:00-07:00,60,5 mph,Partly Cloudy
Santa Barbara,CA,06083,2026-05-08T01:00:00-07:00,58,5 mph,Partly Cloudy
Santa Barbara,CA,06083,2026-05-08T02:00:00-07:00,58,5 mph,Partly Cloudy
Santa Barbara,CA,06083,2026-05-08T03:00:00-07:00,57,5 mph,Partly Cloudy
Santa Barbara,CA,06083,2026-05-08T04:00:00-07:00,57,5 mph,Partly Cloudy
Santa Barbara,CA,06083,2026-05-08T05:00:00-07:00,55,5 mph,Mostly Cloudy
Santa Barbara,CA,06083,2026-05-08T06:00:00-07:00,55,5 mph,Partly Sunny
Santa Barbara,CA,06083,2026-05-08T07:00:00-07:00,58,5 mph,Partly Sunny
Santa Barbara,CA,06083,2026-05-08T08:00:00-07:00,62,0 mph,Partly Sunny
Santa Barbara,CA,06083,2026-05-08T09:00:00-07:00,65,0 mph,Partly Sunny
Santa Barbara,CA,06083,2026-05-08T10:00:00-07:00,67,0 mph,Partly Sunny
Santa Barbara,CA,06083,2026-05-08T11:00:00-07:00,70,5 mph,Mostly Sunny
Santa Barbara,CA,06083,2026-05-08T12:00:00-07:00,70,5 mph,Mostly Sunny
Santa Barbara,CA,06083,2026-05-08T13:00:00-07:00,71,5 mph,Mostly Sunny
Santa Barbara,CA,06083,2026-05-08T14:00:00-07:00,73,5 mph,Mostly Sunny
Santa Barbara,CA,06083,2026-05-08T15:00:00-07:00,71,5 mph,Mostly Sunny
Santa Barbara,CA,06083,2026-05-08T16:00:00-07:00,73,5 mph,Mostly Sunny
Santa Barbara,CA,06083,2026-05-08T17:00:00-07:00,74,5 mph,Sunny
Santa Barbara,CA,06083,2026-05-08T18:00:00-07:00,71,5 mph,Mostly Clear
Santa Barbara,CA,06083,2026-05-08T19:00:00-07:00,69,5 mph,Mostly Clear
Santa Barbara,CA,06083,2026-05-08T20:00:00-07:00,67,5 mph,Mostly Clear
Santa Barbara,CA,06083,2026-05-08T21:00:00-07:00,62,5 mph,Mostly Clear
Santa Barbara,CA,06083,2026-05-08T22:00:00-07:00,60,5 mph,Mostly Clear
Santa Barbara,CA,06083,2026-05-08T23:00:00-07:00,60,5 mph,Partly Cloudy
Santa Barbara,CA,06083,2026-05-09T00:00:00-07:00,59,5 mph,Partly Cloudy
Santa Barbara,CA,06083,2026-05-09T01:00:00-07:00,58,5 mph,Partly Cloudy
Santa Barbara,CA,06083,2026-05-09T02:00:00-07:00,58,5 mph,Partly Cloudy
Santa Barbara,CA,06083,2026-05-09T03:00:00-07:00,58,5 mph,Partly Cloudy
Santa Barbara,CA,06083,2026-05-09T04:00:00-07:00,56,5 mph,Partly Cloudy
Santa Barbara,CA,06083,2026-05-09T05:00:00-07:00,56,5 mph,Patchy Fog
Santa Barbara,CA,06083,2026-05-09T06:00:00-07:00,55,5 mph,Patchy Fog
Santa Barbara,CA,06083,2026-05-09T07:00:00-07:00,60,5 mph,Patchy Fog
Santa Barbara,CA,06083,2026-05-09T08:00:00-07:00,64,0 mph,Patchy Fog
Santa Barbara,CA,06083,2026-05-09T09:00:00-07:00,68,0 mph,Patchy Fog
Santa Barbara,CA,06083,2026-05-09T10:00:00-07:00,70,0 mph,Patchy Fog
Santa Barbara,CA,06083,2026-05-09T11:00:00-07:00,72,5 mph,Sunny
Santa Barbara,CA,06083,2026-05-09T12:00:00-07:00,74,5 mph,Sunny
Santa Barbara,CA,06083,2026-05-09T13:00:00-07:00,75,5 mph,Sunny
Santa Barbara,CA,06083,2026-05-09T14:00:00-07:00,74,5 mph,Sunny
Santa Barbara,CA,06083,2026-05-09T15:00:00-07:00,74,5 mph,Sunny
Santa Barbara,CA,06083,2026-05-09T16:00:00-07:00,74,5 mph,Sunny
Santa Barbara,CA,06083,2026-05-09T17:00:00-07:00,74,5 mph,Sunny
Santa Barbara,CA,06083,2026-05-09T18:00:00-07:00,72,5 mph,Mostly Clear
Santa Barbara,CA,06083,2026-05-09T19:00:00-07:00,68,5 mph,Mostly Clear
Santa Barbara,CA,06083,2026-05-09T20:00:00-07:00,65,0 mph,Mostly Clear
Santa Barbara,CA,06083,2026-05-09T21:00:00-07:00,62,0 mph,Mostly Clear
Santa Barbara,CA,06083,2026-05-09T22:00:00-07:00,61,0 mph,Mostly Clear
Santa Barbara,CA,06083,2026-05-09T23:00:00-07:00,61,0 mph,Partly Cloudy
Santa Barbara,CA,06083,2026-05-10T00:00:00-07:00,59,0 mph,Partly Cloudy
Santa Barbara,CA,06083,2026-05-10T01:00:00-07:00,58,0 mph,Partly Cloudy
Santa Barbara,CA,06083,2026-05-10T02:00:00-07:00,57,0 mph,Partly Cloudy
Santa Barbara,CA,06083,2026-05-10T03:00:00-07:00,56,0 mph,Partly Cloudy
Santa Barbara,CA,06083,2026-05-10T04:00:00-07:00,55,0 mph,Partly Cloudy
Santa Barbara,CA,06083,2026-05-10T05:00:00-07:00,55,0 mph,Patchy Fog
Santa Barbara,CA,06083,2026-05-10T06:00:00-07:00,57,0 mph,Patchy Fog
Santa Barbara,CA,06083,2026-05-10T07:00:00-07:00,59,0 mph,Patchy Fog
Santa Barbara,CA,06083,2026-05-10T08:00:00-07:00,61,0 mph,Patchy Fog
Santa Barbara,CA,06083,2026-05-10T09:00:00-07:00,64,0 mph,Patchy Fog
Santa Barbara,CA,06083,2026-05-10T10:00:00-07:00,67,0 mph,Patchy Fog
Santa Barbara,CA,06083,2026-05-10T11:00:00-07:00,70,5 mph,Sunny
Santa Barbara,CA,06083,2026-05-10T12:00:00-07:00,72,5 mph,Sunny
Santa Barbara,CA,06083,2026-05-10T13:00:00-07:00,74,5 mph,Sunny
Santa Barbara,CA,06083,2026-05-10T14:00:00-07:00,75,5 mph,Sunny
Santa Barbara,CA,06083,2026-05-10T15:00:00-07:00,76,5 mph,Sunny
Santa Barbara,CA,06083,2026-05-10T16:00:00-07:00,76,5 mph,Sunny
Santa Barbara,CA,06083,2026-05-10T17:00:00-07:00,75,5 mph,Sunny
Santa Barbara,CA,06083,2026-05-10T18:00:00-07:00,73,5 mph,Mostly Clear
Santa Barbara,CA,06083,2026-05-10T19:00:00-07:00,70,5 mph,Mostly Clear
Santa Barbara,CA,06083,2026-05-10T20:00:00-07:00,67,0 mph,Mostly Clear
Santa Barbara,CA,06083,2026-05-10T21:00:00-07:00,65,0 mph,Mostly Clear
Santa Barbara,CA,06083,2026-05-10T22:00:00-07:00,64,0 mph,Mostly Clear
Santa Barbara,CA,06083,2026-05-10T23:00:00-07:00,63,0 mph,Mostly Clear
Santa Barbara,CA,06083,2026-05-11T00:00:00-07:00,62,0 mph,Mostly Clear
Santa Barbara,CA,06083,2026-05-11T01:00:00-07:00,61,0 mph,Mostly Clear
Santa Barbara,CA,06083,2026-05-11T02:00:00-07:00,60,0 mph,Mostly Clear
Santa Barbara,CA,06083,2026-05-11T03:00:00-07:00,59,0 mph,Mostly Clear
Santa Barbara,CA,06083,2026-05-11T04:00:00-07:00,59,0 mph,Mostly Clear
Santa Barbara,CA,06083,2026-05-11T05:00:00-07:00,59,0 mph,Partly Cloudy
Santa Barbara,CA,06083,2026-05-11T06:00:00-07:00,60,0 mph,Mostly Sunny
Santa Barbara,CA,06083,2026-05-11T07:00:00-07:00,61,0 mph,Mostly Sunny
Santa Barbara,CA,06083,2026-05-11T08:00:00-07:00,63,0 mph,Mostly Sunny
Santa Barbara,CA,06083,2026-05-11T09:00:00-07:00,65,0 mph,Mostly Sunny
Santa Barbara,CA,06083,2026-05-11T10:00:00-07:00,69,0 mph,Mostly Sunny
Santa Barbara,CA,06083,2026-05-11T11:00:00-07:00,72,5 mph,Sunny
Santa Barbara,CA,06083,2026-05-11T12:00:00-07:00,74,5 mph,Sunny
Santa Barbara,CA,06083,2026-05-11T13:00:00-07:00,76,5 mph,Sunny
Santa Barbara,CA,06083,2026-05-11T14:00:00-07:00,77,5 mph,Sunny
Santa Barbara,CA,06083,2026-05-11T15:00:00-07:00,78,5 mph,Sunny
Santa Barbara,CA,06083,2026-05-11T16:00:00-07:00,78,5 mph,Sunny
Santa Barbara,CA,06083,2026-05-11T17:00:00-07:00,77,5 mph,Sunny
Santa Barbara,CA,06083,2026-05-11T18:00:00-07:00,74,5 mph,Mostly Clear
Santa Barbara,CA,06083,2026-05-11T19:00:00-07:00,71,5 mph,Mostly Clear
Santa Barbara,CA,06083,2026-05-11T20:00:00-07:00,68,0 mph,Mostly Clear
Santa Barbara,CA,06083,2026-05-11T21:00:00-07:00,66,0 mph,Mostly Clear
Santa Barbara,CA,06083,2026-05-11T22:00:00-07:00,64,0 mph,Mostly Clear
Santa Barbara,CA,06083,2026-05-11T23:00:00-07:00,63,0 mph,Partly Cloudy
Santa Barbara,CA,06083,2026-05-12T00:00:00-07:00,62,0 mph,Partly Cloudy
Santa Barbara,CA,06083,2026-05-12T01:00:00-07:00,61,0 mph,Partly Cloudy
Santa Barbara,CA,06083,2026-05-12T02:00:00-07:00,61,0 mph,Partly Cloudy
Santa Barbara,CA,06083,2026-05-12T03:00:00-07:00,60,0 mph,Partly Cloudy
Santa Barbara,CA,06083,2026-05-12T04:00:00-07:00,59,0 mph,Partly Cloudy
Santa Barbara,CA,06083,2026-05-12T05:00:00-07:00,59,0 mph,Mostly Cloudy
Santa Barbara,CA,06083,2026-05-12T06:00:00-07:00,59,0 mph,Partly Sunny
Santa Barbara,CA,06083,2026-05-12T07:00:00-07:00,60,0 mph,Partly Sunny
Santa Barbara,CA,06083,2026-05-12T08:00:00-07:00,61,0 mph,Partly Sunny
Santa Barbara,CA,06083,2026-05-12T09:00:00-07:00,63,0 mph,Partly Sunny
Santa Barbara,CA,06083,2026-05-12T10:00:00-07:00,66,0 mph,Partly Sunny
Santa Barbara,CA,06083,2026-05-12T11:00:00-07:00,69,5 mph,Mostly Sunny
Santa Barbara,CA,06083,2026-05-12T12:00:00-07:00,71,5 mph,Mostly Sunny
Santa Barbara,CA,06083,2026-05-12T13:00:00-07:00,72,5 mph,Mostly Sunny
Santa Barbara,CA,06083,2026-05-12T14:00:00-07:00,73,5 mph,Mostly Sunny
Santa Barbara,CA,06083,2026-05-12T15:00:00-07:00,73,5 mph,Mostly Sunny
Santa Barbara,CA,06083,2026-05-12T16:00:00-07:00,73,5 mph,Mostly Sunny
Santa Barbara,CA,06083,2026-05-12T17:00:00-07:00,72,5 mph,Sunny
Santa Barbara,CA,06083,2026-05-12T18:00:00-07:00,70,5 mph,Mostly Clear
Santa Barbara,CA,06083,2026-05-12T19:00:00-07:00,67,5 mph,Mostly Clear
Santa Barbara,CA,06083,2026-05-12T20:00:00-07:00,64,0 mph,Mostly Clear
Santa Barbara,CA,06083,2026-05-12T21:00:00-07:00,62,0 mph,Mostly Clear
Santa Barbara,CA,06083,2026-05-12T22:00:00-07:00,61,0 mph,Mostly Clear
Santa Barbara,CA,06083,2026-05-12T23:00:00-07:00,60,0 mph,Mostly Cloudy
Santa Barbara,CA,06083,2026-05-13T00:00:00-07:00,59,0 mph,Mostly Cloudy
Santa Barbara,CA,06083,2026-05-13T01:00:00-07:00,59,0 mph,Mostly Cloudy
Santa Barbara,CA,06083,2026-05-13T02:00:00-07:00,59,0 mph,Mostly Cloudy
Santa Barbara,CA,06083,2026-05-13T03:00:00-07:00,58,0 mph,Mostly Cloudy
Santa Barbara,CA,06083,2026-05-13T04:00:00-07:00,57,0 mph,Mostly Cloudy
Santa Barbara,CA,06083,2026-05-13T05:00:00-07:00,57,0 mph,Mostly Cloudy
Santa Barbara,CA,06083,2026-05-13T06:00:00-07:00,57,0 mph,Partly Sunny
Santa Barbara,CA,06083,2026-05-13T07:00:00-07:00,58,0 mph,Partly Sunny
Santa Barbara,CA,06083,2026-05-13T08:00:00-07:00,59,0 mph,Partly Sunny
Santa Barbara,CA,06083,2026-05-13T09:00:00-07:00,61,0 mph,Partly Sunny
Santa Barbara,CA,06083,2026-05-13T10:00:00-07:00,64,0 mph,Partly Sunny
Santa Barbara,CA,06083,2026-05-13T11:00:00-07:00,66,5 mph,Mostly Sunny
Santa Barbara,CA,06083,2026-05-13T12:00:00-07:00,68,5 mph,Mostly Sunny
Santa Barbara,CA,06083,2026-05-13T13:00:00-07:00,69,5 mph,Mostly Sunny
Santa Barbara,CA,06083,2026-05-13T14:00:00-07:00,70,10 mph,Mostly Sunny
Santa Barbara,CA,06083,2026-05-13T15:00:00-07:00,71,10 mph,Mostly Sunny
Santa Barbara,CA,06083,2026-05-13T16:00:00-07:00,71,10 mph,Mostly Sunny
Santa Barbara,CA,06083,2026-05-13T17:00:00-07:00,70,5 mph,Sunny
Santa Barbara,CA,06083,2026-05-13T18:00:00-07:00,68,5 mph,Mostly Clear
Santa Barbara,CA,06083,2026-05-13T19:00:00-07:00,66,5 mph,Mostly Clear
Santa Barbara,CA,06083,2026-05-13T20:00:00-07:00,64,5 mph,Mostly Clear
Santa Barbara,CA,06083,2026-05-13T21:00:00-07:00,62,5 mph,Mostly Clear
Santa Barbara,CA,06083,2026-05-13T22:00:00-07:00,61,5 mph,Mostly Clear
Santa Barbara,CA,06083,2026-05-13T23:00:00-07:00,60,0 mph,Partly Cloudy
Santa Barbara,CA,06083,2026-05-14T00:00:00-07:00,59,0 mph,Partly Cloudy
Santa Barbara,CA,06083,2026-05-14T01:00:00-07:00,58,0 mph,Partly Cloudy
Santa Barbara,CA,06083,2026-05-14T02:00:00-07:00,57,0 mph,Partly Cloudy
Ventura,CA,06111,2026-05-07T15:00:00-07:00,70,10 mph,Sunny
Ventura,CA,06111,2026-05-07T16:00:00-07:00,70,10 mph,Sunny
Ventura,CA,06111,2026-05-07T17:00:00-07:00,68,10 mph,Sunny
Ventura,CA,06111,2026-05-07T18:00:00-07:00,66,10 mph,Mostly Clear
Ventura,CA,06111,2026-05-07T19:00:00-07:00,65,10 mph,Mostly Clear
Ventura,CA,06111,2026-05-07T20:00:00-07:00,61,5 mph,Mostly Clear
Ventura,CA,06111,2026-05-07T21:00:00-07:00,63,5 mph,Mostly Clear
Ventura,CA,06111,2026-05-07T22:00:00-07:00,63,5 mph,Mostly Clear
Ventura,CA,06111,2026-05-07T23:00:00-07:00,61,5 mph,Partly Cloudy
Ventura,CA,06111,2026-05-08T00:00:00-07:00,61,5 mph,Partly Cloudy
Ventura,CA,06111,2026-05-08T01:00:00-07:00,61,5 mph,Partly Cloudy
Ventura,CA,06111,2026-05-08T02:00:00-07:00,59,5 mph,Partly Cloudy
Ventura,CA,06111,2026-05-08T03:00:00-07:00,58,5 mph,Partly Cloudy
Ventura,CA,06111,2026-05-08T04:00:00-07:00,56,5 mph,Partly Cloudy
Ventura,CA,06111,2026-05-08T05:00:00-07:00,54,5 mph,Patchy Fog
Ventura,CA,06111,2026-05-08T06:00:00-07:00,54,5 mph,Patchy Fog
Ventura,CA,06111,2026-05-08T07:00:00-07:00,60,5 mph,Patchy Fog
Ventura,CA,06111,2026-05-08T08:00:00-07:00,62,0 mph,Patchy Fog
Ventura,CA,06111,2026-05-08T09:00:00-07:00,64,0 mph,Patchy Fog
Ventura,CA,06111,2026-05-08T10:00:00-07:00,65,0 mph,Patchy Fog
Ventura,CA,06111,2026-05-08T11:00:00-07:00,67,5 mph,Mostly Sunny
Ventura,CA,06111,2026-05-08T12:00:00-07:00,67,5 mph,Mostly Sunny
Ventura,CA,06111,2026-05-08T13:00:00-07:00,68,5 mph,Mostly Sunny
Ventura,CA,06111,2026-05-08T14:00:00-07:00,68,10 mph,Mostly Sunny
Ventura,CA,06111,2026-05-08T15:00:00-07:00,68,10 mph,Mostly Sunny
Ventura,CA,06111,2026-05-08T16:00:00-07:00,66,10 mph,Mostly Sunny
Ventura,CA,06111,2026-05-08T17:00:00-07:00,66,5 mph,Sunny
Ventura,CA,06111,2026-05-08T18:00:00-07:00,66,5 mph,Mostly Clear
Ventura,CA,06111,2026-05-08T19:00:00-07:00,65,5 mph,Mostly Clear
Ventura,CA,06111,2026-05-08T20:00:00-07:00,62,0 mph,Mostly Clear
Ventura,CA,06111,2026-05-08T21:00:00-07:00,62,0 mph,Mostly Clear
Ventura,CA,06111,2026-05-08T22:00:00-07:00,62,0 mph,Mostly Clear
Ventura,CA,06111,2026-05-08T23:00:00-07:00,62,0 mph,Partly Cloudy
Ventura,CA,06111,2026-05-09T00:00:00-07:00,60,0 mph,Partly Cloudy
Ventura,CA,06111,2026-05-09T01:00:00-07:00,59,0 mph,Partly Cloudy
Ventura,CA,06111,2026-05-09T02:00:00-07:00,57,0 mph,Partly Cloudy
Ventura,CA,06111,2026-05-09T03:00:00-07:00,57,0 mph,Partly Cloudy
Ventura,CA,06111,2026-05-09T04:00:00-07:00,56,0 mph,Partly Cloudy
Ventura,CA,06111,2026-05-09T05:00:00-07:00,54,0 mph,Partly Cloudy
Ventura,CA,06111,2026-05-09T06:00:00-07:00,54,0 mph,Mostly Sunny
Ventura,CA,06111,2026-05-09T07:00:00-07:00,61,0 mph,Mostly Sunny
Ventura,CA,06111,2026-05-09T08:00:00-07:00,64,0 mph,Mostly Sunny
Ventura,CA,06111,2026-05-09T09:00:00-07:00,67,0 mph,Mostly Sunny
Ventura,CA,06111,2026-05-09T10:00:00-07:00,68,0 mph,Mostly Sunny
Ventura,CA,06111,2026-05-09T11:00:00-07:00,68,10 mph,Sunny
Ventura,CA,06111,2026-05-09T12:00:00-07:00,70,10 mph,Sunny
Ventura,CA,06111,2026-05-09T13:00:00-07:00,71,10 mph,Sunny
Ventura,CA,06111,2026-05-09T14:00:00-07:00,71,10 mph,Sunny
Ventura,CA,06111,2026-05-09T15:00:00-07:00,71,10 mph,Sunny
Ventura,CA,06111,2026-05-09T16:00:00-07:00,71,10 mph,Sunny
Ventura,CA,06111,2026-05-09T17:00:00-07:00,70,5 mph,Sunny
Ventura,CA,06111,2026-05-09T18:00:00-07:00,68,5 mph,Mostly Clear
Ventura,CA,06111,2026-05-09T19:00:00-07:00,65,5 mph,Mostly Clear
Ventura,CA,06111,2026-05-09T20:00:00-07:00,63,0 mph,Mostly Clear
Ventura,CA,06111,2026-05-09T21:00:00-07:00,61,0 mph,Mostly Clear
Ventura,CA,06111,2026-05-09T22:00:00-07:00,60,0 mph,Mostly Clear
Ventura,CA,06111,2026-05-09T23:00:00-07:00,59,0 mph,Mostly Clear
Ventura,CA,06111,2026-05-10T00:00:00-07:00,59,0 mph,Mostly Clear
Ventura,CA,06111,2026-05-10T01:00:00-07:00,58,0 mph,Mostly Clear
Ventura,CA,06111,2026-05-10T02:00:00-07:00,58,0 mph,Mostly Clear
Ventura,CA,06111,2026-05-10T03:00:00-07:00,56,0 mph,Mostly Clear
Ventura,CA,06111,2026-05-10T04:00:00-07:00,55,0 mph,Mostly Clear
Ventura,CA,06111,2026-05-10T05:00:00-07:00,55,0 mph,Mostly Clear
Ventura,CA,06111,2026-05-10T06:00:00-07:00,57,0 mph,Sunny
Ventura,CA,06111,2026-05-10T07:00:00-07:00,60,0 mph,Sunny
Ventura,CA,06111,2026-05-10T08:00:00-07:00,63,0 mph,Sunny
Ventura,CA,06111,2026-05-10T09:00:00-07:00,66,0 mph,Sunny
Ventura,CA,06111,2026-05-10T10:00:00-07:00,69,0 mph,Sunny
Ventura,CA,06111,2026-05-10T11:00:00-07:00,70,5 mph,Sunny
Ventura,CA,06111,2026-05-10T12:00:00-07:00,71,5 mph,Sunny
Ventura,CA,06111,2026-05-10T13:00:00-07:00,71,5 mph,Sunny
Ventura,CA,06111,2026-05-10T14:00:00-07:00,71,5 mph,Sunny
Ventura,CA,06111,2026-05-10T15:00:00-07:00,72,5 mph,Sunny
Ventura,CA,06111,2026-05-10T16:00:00-07:00,72,5 mph,Sunny
Ventura,CA,06111,2026-05-10T17:00:00-07:00,72,5 mph,Sunny
Ventura,CA,06111,2026-05-10T18:00:00-07:00,69,5 mph,Mostly Clear
Ventura,CA,06111,2026-05-10T19:00:00-07:00,66,5 mph,Mostly Clear
Ventura,CA,06111,2026-05-10T20:00:00-07:00,63,0 mph,Mostly Clear
Ventura,CA,06111,2026-05-10T21:00:00-07:00,61,0 mph,Mostly Clear
Ventura,CA,06111,2026-05-10T22:00:00-07:00,60,0 mph,Mostly Clear
Ventura,CA,06111,2026-05-10T23:00:00-07:00,60,0 mph,Mostly Clear
Ventura,CA,06111,2026-05-11T00:00:00-07:00,60,0 mph,Mostly Clear
Ventura,CA,06111,2026-05-11T01:00:00-07:00,60,0 mph,Mostly Clear
Ventura,CA,06111,2026-05-11T02:00:00-07:00,59,0 mph,Mostly Clear
Ventura,CA,06111,2026-05-11T03:00:00-07:00,59,0 mph,Mostly Clear
Ventura,CA,06111,2026-05-11T04:00:00-07:00,58,0 mph,Mostly Clear
Ventura,CA,06111,2026-05-11T05:00:00-07:00,58,0 mph,Mostly Clear
Ventura,CA,06111,2026-05-11T06:00:00-07:00,59,0 mph,Sunny
Ventura,CA,06111,2026-05-11T07:00:00-07:00,61,0 mph,Sunny
Ventura,CA,06111,2026-05-11T08:00:00-07:00,64,0 mph,Sunny
Ventura,CA,06111,2026-05-11T09:00:00-07:00,67,0 mph,Sunny
Ventura,CA,06111,2026-05-11T10:00:00-07:00,70,0 mph,Sunny
Ventura,CA,06111,2026-05-11T11:00:00-07:00,73,5 mph,Sunny
Ventura,CA,06111,2026-05-11T12:00:00-07:00,74,5 mph,Sunny
Ventura,CA,06111,2026-05-11T13:00:00-07:00,75,5 mph,Sunny
Ventura,CA,06111,2026-05-11T14:00:00-07:00,75,5 mph,Sunny
Ventura,CA,06111,2026-05-11T15:00:00-07:00,75,5 mph,Sunny
Ventura,CA,06111,2026-05-11T16:00:00-07:00,76,5 mph,Sunny
Ventura,CA,06111,2026-05-11T17:00:00-07:00,75,5 mph,Sunny
Ventura,CA,06111,2026-05-11T18:00:00-07:00,72,5 mph,Mostly Clear
Ventura,CA,06111,2026-05-11T19:00:00-07:00,68,5 mph,Mostly Clear
Ventura,CA,06111,2026-05-11T20:00:00-07:00,65,5 mph,Mostly Clear
Ventura,CA,06111,2026-05-11T21:00:00-07:00,63,5 mph,Mostly Clear
Ventura,CA,06111,2026-05-11T22:00:00-07:00,62,5 mph,Mostly Clear
Ventura,CA,06111,2026-05-11T23:00:00-07:00,61,0 mph,Partly Cloudy
Ventura,CA,06111,2026-05-12T00:00:00-07:00,60,0 mph,Partly Cloudy
Ventura,CA,06111,2026-05-12T01:00:00-07:00,60,0 mph,Partly Cloudy
Ventura,CA,06111,2026-05-12T02:00:00-07:00,60,0 mph,Partly Cloudy
Ventura,CA,06111,2026-05-12T03:00:00-07:00,59,0 mph,Partly Cloudy
Ventura,CA,06111,2026-05-12T04:00:00-07:00,59,0 mph,Partly Cloudy
Ventura,CA,06111,2026-05-12T05:00:00-07:00,58,0 mph,Partly Cloudy
Ventura,CA,06111,2026-05-12T06:00:00-07:00,59,0 mph,Mostly Sunny
Ventura,CA,06111,2026-05-12T07:00:00-07:00,60,0 mph,Mostly Sunny
Ventura,CA,06111,2026-05-12T08:00:00-07:00,62,0 mph,Mostly Sunny
Ventura,CA,06111,2026-05-12T09:00:00-07:00,64,0 mph,Mostly Sunny
Ventura,CA,06111,2026-05-12T10:00:00-07:00,67,0 mph,Mostly Sunny
Ventura,CA,06111,2026-05-12T11:00:00-07:00,69,10 mph,Sunny
Ventura,CA,06111,2026-05-12T12:00:00-07:00,70,10 mph,Sunny
Ventura,CA,06111,2026-05-12T13:00:00-07:00,70,10 mph,Sunny
Ventura,CA,06111,2026-05-12T14:00:00-07:00,70,10 mph,Sunny
Ventura,CA,06111,2026-05-12T15:00:00-07:00,70,10 mph,Sunny
Ventura,CA,06111,2026-05-12T16:00:00-07:00,70,10 mph,Sunny
Ventura,CA,06111,2026-05-12T17:00:00-07:00,69,5 mph,Sunny
Ventura,CA,06111,2026-05-12T18:00:00-07:00,67,5 mph,Mostly Clear
Ventura,CA,06111,2026-05-12T19:00:00-07:00,64,5 mph,Mostly Clear
Ventura,CA,06111,2026-05-12T20:00:00-07:00,62,5 mph,Mostly Clear
Ventura,CA,06111,2026-05-12T21:00:00-07:00,61,5 mph,Mostly Clear
Ventura,CA,06111,2026-05-12T22:00:00-07:00,60,5 mph,Mostly Clear
Ventura,CA,06111,2026-05-12T23:00:00-07:00,59,0 mph,Partly Cloudy
Ventura,CA,06111,2026-05-13T00:00:00-07:00,59,0 mph,Partly Cloudy
Ventura,CA,06111,2026-05-13T01:00:00-07:00,59,0 mph,Partly Cloudy
Ventura,CA,06111,2026-05-13T02:00:00-07:00,59,0 mph,Partly Cloudy
Ventura,CA,06111,2026-05-13T03:00:00-07:00,58,0 mph,Partly Cloudy
Ventura,CA,06111,2026-05-13T04:00:00-07:00,57,0 mph,Partly Cloudy
Ventura,CA,06111,2026-05-13T05:00:00-07:00,56,0 mph,Mostly Cloudy
Ventura,CA,06111,2026-05-13T06:00:00-07:00,56,0 mph,Partly Sunny
Ventura,CA,06111,2026-05-13T07:00:00-07:00,57,0 mph,Partly Sunny
Ventura,CA,06111,2026-05-13T08:00:00-07:00,58,0 mph,Partly Sunny
Ventura,CA,06111,2026-05-13T09:00:00-07:00,60,0 mph,Partly Sunny
Ventura,CA,06111,2026-05-13T10:00:00-07:00,63,0 mph,Partly Sunny
Ventura,CA,06111,2026-05-13T11:00:00-07:00,65,10 mph,Mostly Sunny
Ventura,CA,06111,2026-05-13T12:00:00-07:00,67,10 mph,Mostly Sunny
Ventura,CA,06111,2026-05-13T13:00:00-07:00,67,10 mph,Mostly Sunny
Ventura,CA,06111,2026-05-13T14:00:00-07:00,67,10 mph,Mostly Sunny
Ventura,CA,06111,2026-05-13T15:00:00-07:00,68,10 mph,Mostly Sunny
Ventura,CA,06111,2026-05-13T16:00:00-07:00,68,10 mph,Mostly Sunny
Ventura,CA,06111,2026-05-13T17:00:00-07:00,67,10 mph,Sunny
Ventura,CA,06111,2026-05-13T18:00:00-07:00,66,10 mph,Mostly Clear
Ventura,CA,06111,2026-05-13T19:00:00-07:00,64,10 mph,Mostly Clear
Ventura,CA,06111,2026-05-13T20:00:00-07:00,62,5 mph,Mostly Clear
Ventura,CA,06111,2026-05-13T21:00:00-07:00,61,5 mph,Mostly Clear
Ventura,CA,06111,2026-05-13T22:00:00-07:00,60,5 mph,Mostly Clear
Ventura,CA,06111,2026-05-13T23:00:00-07:00,59,0 mph,Partly Cloudy
Ventura,CA,06111,2026-05-14T00:00:00-07:00,59,0 mph,Partly Cloudy
Ventura,CA,06111,2026-05-14T01:00:00-07:00,58,0 mph,Partly Cloudy
Ventura,CA,06111,2026-05-14T02:00:00-07:00,57,0 mph,Partly Cloudy
Los Angeles,CA,06037,2026-05-07T15:00:00-07:00,77,10 mph,Sunny
Los Angeles,CA,06037,2026-05-07T16:00:00-07:00,76,10 mph,Sunny
Los Angeles,CA,06037,2026-05-07T17:00:00-07:00,74,10 mph,Sunny
Los Angeles,CA,06037,2026-05-07T18:00:00-07:00,71,10 mph,Mostly Clear
Los Angeles,CA,06037,2026-05-07T19:00:00-07:00,67,10 mph,Mostly Clear
Los Angeles,CA,06037,2026-05-07T20:00:00-07:00,64,5 mph,Mostly Clear
Los Angeles,CA,06037,2026-05-07T21:00:00-07:00,62,5 mph,Mostly Clear
Los Angeles,CA,06037,2026-05-07T22:00:00-07:00,62,5 mph,Mostly Clear
Los Angeles,CA,06037,2026-05-07T23:00:00-07:00,62,5 mph,Mostly Cloudy
Los Angeles,CA,06037,2026-05-08T00:00:00-07:00,62,5 mph,Mostly Cloudy
Los Angeles,CA,06037,2026-05-08T01:00:00-07:00,60,5 mph,Mostly Cloudy
Los Angeles,CA,06037,2026-05-08T02:00:00-07:00,59,0 mph,Mostly Cloudy
Los Angeles,CA,06037,2026-05-08T03:00:00-07:00,59,0 mph,Mostly Cloudy
Los Angeles,CA,06037,2026-05-08T04:00:00-07:00,57,0 mph,Mostly Cloudy
Los Angeles,CA,06037,2026-05-08T05:00:00-07:00,57,0 mph,Patchy Fog
Los Angeles,CA,06037,2026-05-08T06:00:00-07:00,57,0 mph,Patchy Fog
Los Angeles,CA,06037,2026-05-08T07:00:00-07:00,57,0 mph,Patchy Fog
Los Angeles,CA,06037,2026-05-08T08:00:00-07:00,58,0 mph,Patchy Fog
Los Angeles,CA,06037,2026-05-08T09:00:00-07:00,63,0 mph,Patchy Fog
Los Angeles,CA,06037,2026-05-08T10:00:00-07:00,67,0 mph,Patchy Fog
Los Angeles,CA,06037,2026-05-08T11:00:00-07:00,71,5 mph,Sunny
Los Angeles,CA,06037,2026-05-08T12:00:00-07:00,76,5 mph,Sunny
Los Angeles,CA,06037,2026-05-08T13:00:00-07:00,77,5 mph,Sunny
Los Angeles,CA,06037,2026-05-08T14:00:00-07:00,77,5 mph,Sunny
Los Angeles,CA,06037,2026-05-08T15:00:00-07:00,77,5 mph,Sunny
Los Angeles,CA,06037,2026-05-08T16:00:00-07:00,74,5 mph,Sunny
Los Angeles,CA,06037,2026-05-08T17:00:00-07:00,72,10 mph,Sunny
Los Angeles,CA,06037,2026-05-08T18:00:00-07:00,71,10 mph,Mostly Clear
Los Angeles,CA,06037,2026-05-08T19:00:00-07:00,68,10 mph,Mostly Clear
Los Angeles,CA,06037,2026-05-08T20:00:00-07:00,64,5 mph,Mostly Clear
Los Angeles,CA,06037,2026-05-08T21:00:00-07:00,63,5 mph,Mostly Clear
Los Angeles,CA,06037,2026-05-08T22:00:00-07:00,63,5 mph,Mostly Clear
Los Angeles,CA,06037,2026-05-08T23:00:00-07:00,63,0 mph,Partly Cloudy
Los Angeles,CA,06037,2026-05-09T00:00:00-07:00,63,0 mph,Partly Cloudy
Los Angeles,CA,06037,2026-05-09T01:00:00-07:00,61,0 mph,Partly Cloudy
Los Angeles,CA,06037,2026-05-09T02:00:00-07:00,61,0 mph,Partly Cloudy
Los Angeles,CA,06037,2026-05-09T03:00:00-07:00,60,0 mph,Partly Cloudy
Los Angeles,CA,06037,2026-05-09T04:00:00-07:00,60,0 mph,Partly Cloudy
Los Angeles,CA,06037,2026-05-09T05:00:00-07:00,58,0 mph,Patchy Fog
Los Angeles,CA,06037,2026-05-09T06:00:00-07:00,58,0 mph,Patchy Fog
Los Angeles,CA,06037,2026-05-09T07:00:00-07:00,58,0 mph,Patchy Fog
Los Angeles,CA,06037,2026-05-09T08:00:00-07:00,61,0 mph,Patchy Fog
Los Angeles,CA,06037,2026-05-09T09:00:00-07:00,66,0 mph,Patchy Fog
Los Angeles,CA,06037,2026-05-09T10:00:00-07:00,70,0 mph,Patchy Fog
Los Angeles,CA,06037,2026-05-09T11:00:00-07:00,76,5 mph,Sunny
Los Angeles,CA,06037,2026-05-09T12:00:00-07:00,81,5 mph,Sunny
Los Angeles,CA,06037,2026-05-09T13:00:00-07:00,82,5 mph,Sunny
Los Angeles,CA,06037,2026-05-09T14:00:00-07:00,82,10 mph,Sunny
Los Angeles,CA,06037,2026-05-09T15:00:00-07:00,81,10 mph,Sunny
Los Angeles,CA,06037,2026-05-09T16:00:00-07:00,81,10 mph,Sunny
Los Angeles,CA,06037,2026-05-09T17:00:00-07:00,80,10 mph,Sunny
Los Angeles,CA,06037,2026-05-09T18:00:00-07:00,76,10 mph,Clear
Los Angeles,CA,06037,2026-05-09T19:00:00-07:00,72,10 mph,Clear
Los Angeles,CA,06037,2026-05-09T20:00:00-07:00,68,5 mph,Clear
Los Angeles,CA,06037,2026-05-09T21:00:00-07:00,65,5 mph,Clear
Los Angeles,CA,06037,2026-05-09T22:00:00-07:00,63,5 mph,Clear
Los Angeles,CA,06037,2026-05-09T23:00:00-07:00,62,0 mph,Mostly Clear
Los Angeles,CA,06037,2026-05-10T00:00:00-07:00,61,0 mph,Mostly Clear
Los Angeles,CA,06037,2026-05-10T01:00:00-07:00,61,0 mph,Mostly Clear
Los Angeles,CA,06037,2026-05-10T02:00:00-07:00,60,0 mph,Mostly Clear
Los Angeles,CA,06037,2026-05-10T03:00:00-07:00,59,0 mph,Mostly Clear
Los Angeles,CA,06037,2026-05-10T04:00:00-07:00,59,0 mph,Mostly Clear
Los Angeles,CA,06037,2026-05-10T05:00:00-07:00,59,0 mph,Patchy Fog
Los Angeles,CA,06037,2026-05-10T06:00:00-07:00,59,0 mph,Patchy Fog
Los Angeles,CA,06037,2026-05-10T07:00:00-07:00,61,0 mph,Patchy Fog
Los Angeles,CA,06037,2026-05-10T08:00:00-07:00,63,0 mph,Patchy Fog
Los Angeles,CA,06037,2026-05-10T09:00:00-07:00,67,0 mph,Patchy Fog
Los Angeles,CA,06037,2026-05-10T10:00:00-07:00,72,0 mph,Patchy Fog
Los Angeles,CA,06037,2026-05-10T11:00:00-07:00,76,5 mph,Sunny
Los Angeles,CA,06037,2026-05-10T12:00:00-07:00,80,5 mph,Sunny
Los Angeles,CA,06037,2026-05-10T13:00:00-07:00,82,5 mph,Sunny
Los Angeles,CA,06037,2026-05-10T14:00:00-07:00,83,10 mph,Sunny
Los Angeles,CA,06037,2026-05-10T15:00:00-07:00,82,10 mph,Sunny
Los Angeles,CA,06037,2026-05-10T16:00:00-07:00,82,10 mph,Sunny
Los Angeles,CA,06037,2026-05-10T17:00:00-07:00,80,10 mph,Sunny
Los Angeles,CA,06037,2026-05-10T18:00:00-07:00,77,10 mph,Clear
Los Angeles,CA,06037,2026-05-10T19:00:00-07:00,73,10 mph,Clear
Los Angeles,CA,06037,2026-05-10T20:00:00-07:00,69,5 mph,Clear
Los Angeles,CA,06037,2026-05-10T21:00:00-07:00,67,5 mph,Clear
Los Angeles,CA,06037,2026-05-10T22:00:00-07:00,66,5 mph,Clear
Los Angeles,CA,06037,2026-05-10T23:00:00-07:00,65,0 mph,Clear
Los Angeles,CA,06037,2026-05-11T00:00:00-07:00,64,0 mph,Clear
Los Angeles,CA,06037,2026-05-11T01:00:00-07:00,63,0 mph,Clear
Los Angeles,CA,06037,2026-05-11T02:00:00-07:00,63,0 mph,Clear
Los Angeles,CA,06037,2026-05-11T03:00:00-07:00,62,0 mph,Clear
Los Angeles,CA,06037,2026-05-11T04:00:00-07:00,61,0 mph,Clear
Los Angeles,CA,06037,2026-05-11T05:00:00-07:00,61,0 mph,Mostly Clear
Los Angeles,CA,06037,2026-05-11T06:00:00-07:00,61,0 mph,Sunny
Los Angeles,CA,06037,2026-05-11T07:00:00-07:00,62,0 mph,Sunny
Los Angeles,CA,06037,2026-05-11T08:00:00-07:00,65,0 mph,Sunny
Los Angeles,CA,06037,2026-05-11T09:00:00-07:00,69,0 mph,Sunny
Los Angeles,CA,06037,2026-05-11T10:00:00-07:00,74,0 mph,Sunny
Los Angeles,CA,06037,2026-05-11T11:00:00-07:00,79,5 mph,Sunny
Los Angeles,CA,06037,2026-05-11T12:00:00-07:00,82,5 mph,Sunny
Los Angeles,CA,06037,2026-05-11T13:00:00-07:00,84,5 mph,Sunny
Los Angeles,CA,06037,2026-05-11T14:00:00-07:00,86,5 mph,Sunny
Los Angeles,CA,06037,2026-05-11T15:00:00-07:00,86,5 mph,Sunny
Los Angeles,CA,06037,2026-05-11T16:00:00-07:00,85,5 mph,Sunny
Los Angeles,CA,06037,2026-05-11T17:00:00-07:00,83,10 mph,Sunny
Los Angeles,CA,06037,2026-05-11T18:00:00-07:00,80,10 mph,Clear
Los Angeles,CA,06037,2026-05-11T19:00:00-07:00,75,10 mph,Clear
Los Angeles,CA,06037,2026-05-11T20:00:00-07:00,71,5 mph,Clear
Los Angeles,CA,06037,2026-05-11T21:00:00-07:00,69,5 mph,Clear
Los Angeles,CA,06037,2026-05-11T22:00:00-07:00,67,5 mph,Clear
Los Angeles,CA,06037,2026-05-11T23:00:00-07:00,66,0 mph,Mostly Clear
Los Angeles,CA,06037,2026-05-12T00:00:00-07:00,64,0 mph,Mostly Clear
Los Angeles,CA,06037,2026-05-12T01:00:00-07:00,63,0 mph,Mostly Clear
Los Angeles,CA,06037,2026-05-12T02:00:00-07:00,63,0 mph,Mostly Clear
Los Angeles,CA,06037,2026-05-12T03:00:00-07:00,62,0 mph,Mostly Clear
Los Angeles,CA,06037,2026-05-12T04:00:00-07:00,61,0 mph,Mostly Clear
Los Angeles,CA,06037,2026-05-12T05:00:00-07:00,61,0 mph,Partly Cloudy
Los Angeles,CA,06037,2026-05-12T06:00:00-07:00,61,0 mph,Mostly Sunny
Los Angeles,CA,06037,2026-05-12T07:00:00-07:00,62,0 mph,Mostly Sunny
Los Angeles,CA,06037,2026-05-12T08:00:00-07:00,63,0 mph,Mostly Sunny
Los Angeles,CA,06037,2026-05-12T09:00:00-07:00,66,0 mph,Mostly Sunny
Los Angeles,CA,06037,2026-05-12T10:00:00-07:00,70,0 mph,Mostly Sunny
Los Angeles,CA,06037,2026-05-12T11:00:00-07:00,73,5 mph,Mostly Sunny
Los Angeles,CA,06037,2026-05-12T12:00:00-07:00,76,5 mph,Mostly Sunny
Los Angeles,CA,06037,2026-05-12T13:00:00-07:00,78,5 mph,Mostly Sunny
Los Angeles,CA,06037,2026-05-12T14:00:00-07:00,79,10 mph,Mostly Sunny
Los Angeles,CA,06037,2026-05-12T15:00:00-07:00,80,10 mph,Mostly Sunny
Los Angeles,CA,06037,2026-05-12T16:00:00-07:00,79,10 mph,Mostly Sunny
Los Angeles,CA,06037,2026-05-12T17:00:00-07:00,77,10 mph,Sunny
Los Angeles,CA,06037,2026-05-12T18:00:00-07:00,74,10 mph,Mostly Clear
Los Angeles,CA,06037,2026-05-12T19:00:00-07:00,70,10 mph,Mostly Clear
Los Angeles,CA,06037,2026-05-12T20:00:00-07:00,67,5 mph,Mostly Clear
Los Angeles,CA,06037,2026-05-12T21:00:00-07:00,65,5 mph,Mostly Clear
Los Angeles,CA,06037,2026-05-12T22:00:00-07:00,64,5 mph,Mostly Clear
Los Angeles,CA,06037,2026-05-12T23:00:00-07:00,63,5 mph,Partly Cloudy
Los Angeles,CA,06037,2026-05-13T00:00:00-07:00,62,5 mph,Partly Cloudy
Los Angeles,CA,06037,2026-05-13T01:00:00-07:00,62,5 mph,Partly Cloudy
Los Angeles,CA,06037,2026-05-13T02:00:00-07:00,61,0 mph,Partly Cloudy
Los Angeles,CA,06037,2026-05-13T03:00:00-07:00,60,0 mph,Partly Cloudy
Los Angeles,CA,06037,2026-05-13T04:00:00-07:00,59,0 mph,Partly Cloudy
Los Angeles,CA,06037,2026-05-13T05:00:00-07:00,59,0 mph,Partly Cloudy
Los Angeles,CA,06037,2026-05-13T06:00:00-07:00,59,0 mph,Mostly Sunny
Los Angeles,CA,06037,2026-05-13T07:00:00-07:00,59,0 mph,Mostly Sunny
Los Angeles,CA,06037,2026-05-13T08:00:00-07:00,60,0 mph,Mostly Sunny
Los Angeles,CA,06037,2026-05-13T09:00:00-07:00,64,0 mph,Mostly Sunny
Los Angeles,CA,06037,2026-05-13T10:00:00-07:00,67,0 mph,Mostly Sunny
Los Angeles,CA,06037,2026-05-13T11:00:00-07:00,71,5 mph,Mostly Sunny
Los Angeles,CA,06037,2026-05-13T12:00:00-07:00,74,5 mph,Mostly Sunny
Los Angeles,CA,06037,2026-05-13T13:00:00-07:00,75,5 mph,Mostly Sunny
Los Angeles,CA,06037,2026-05-13T14:00:00-07:00,76,10 mph,Mostly Sunny
Los Angeles,CA,06037,2026-05-13T15:00:00-07:00,77,10 mph,Mostly Sunny
Los Angeles,CA,06037,2026-05-13T16:00:00-07:00,76,10 mph,Mostly Sunny
Los Angeles,CA,06037,2026-05-13T17:00:00-07:00,74,10 mph,Sunny
Los Angeles,CA,06037,2026-05-13T18:00:00-07:00,71,10 mph,Mostly Clear
Los Angeles,CA,06037,2026-05-13T19:00:00-07:00,68,10 mph,Mostly Clear
Los Angeles,CA,06037,2026-05-13T20:00:00-07:00,65,5 mph,Mostly Clear
Los Angeles,CA,06037,2026-05-13T21:00:00-07:00,63,5 mph,Mostly Clear
Los Angeles,CA,06037,2026-05-13T22:00:00-07:00,63,5 mph,Mostly Clear
Los Angeles,CA,06037,2026-05-13T23:00:00-07:00,62,0 mph,Partly Cloudy
Los Angeles,CA,06037,2026-05-14T00:00:00-07:00,61,0 mph,Partly Cloudy
Los Angeles,CA,06037,2026-05-14T01:00:00-07:00,60,0 mph,Partly Cloudy
Los Angeles,CA,06037,2026-05-14T02:00:00-07:00,59,0 mph,Partly Cloudy
Orange,CA,06059,2026-05-07T15:00:00-07:00,77,10 mph,Sunny
Orange,CA,06059,2026-05-07T16:00:00-07:00,78,10 mph,Sunny
Orange,CA,06059,2026-05-07T17:00:00-07:00,76,10 mph,Sunny
Orange,CA,06059,2026-05-07T18:00:00-07:00,74,10 mph,Mostly Clear
Orange,CA,06059,2026-05-07T19:00:00-07:00,71,10 mph,Mostly Clear
Orange,CA,06059,2026-05-07T20:00:00-07:00,66,5 mph,Partly Cloudy
Orange,CA,06059,2026-05-07T21:00:00-07:00,65,5 mph,Partly Cloudy
Orange,CA,06059,2026-05-07T22:00:00-07:00,63,5 mph,Partly Cloudy
Orange,CA,06059,2026-05-07T23:00:00-07:00,62,5 mph,Mostly Cloudy
Orange,CA,06059,2026-05-08T00:00:00-07:00,61,5 mph,Mostly Cloudy
Orange,CA,06059,2026-05-08T01:00:00-07:00,61,5 mph,Mostly Cloudy
Orange,CA,06059,2026-05-08T02:00:00-07:00,60,5 mph,Mostly Cloudy
Orange,CA,06059,2026-05-08T03:00:00-07:00,59,5 mph,Mostly Cloudy
Orange,CA,06059,2026-05-08T04:00:00-07:00,58,5 mph,Mostly Cloudy
Orange,CA,06059,2026-05-08T05:00:00-07:00,58,5 mph,Mostly Cloudy
Orange,CA,06059,2026-05-08T06:00:00-07:00,59,5 mph,Mostly Cloudy
Orange,CA,06059,2026-05-08T07:00:00-07:00,59,5 mph,Mostly Cloudy
Orange,CA,06059,2026-05-08T08:00:00-07:00,61,0 mph,Mostly Cloudy
Orange,CA,06059,2026-05-08T09:00:00-07:00,65,5 mph,Mostly Cloudy
Orange,CA,06059,2026-05-08T10:00:00-07:00,68,5 mph,Mostly Cloudy
Orange,CA,06059,2026-05-08T11:00:00-07:00,72,5 mph,Mostly Sunny
Orange,CA,06059,2026-05-08T12:00:00-07:00,75,5 mph,Mostly Sunny
Orange,CA,06059,2026-05-08T13:00:00-07:00,77,10 mph,Mostly Sunny
Orange,CA,06059,2026-05-08T14:00:00-07:00,77,10 mph,Sunny
Orange,CA,06059,2026-05-08T15:00:00-07:00,78,10 mph,Sunny
Orange,CA,06059,2026-05-08T16:00:00-07:00,77,10 mph,Sunny
Orange,CA,06059,2026-05-08T17:00:00-07:00,76,10 mph,Sunny
Orange,CA,06059,2026-05-08T18:00:00-07:00,75,5 mph,Mostly Clear
Orange,CA,06059,2026-05-08T19:00:00-07:00,70,5 mph,Mostly Clear
Orange,CA,06059,2026-05-08T20:00:00-07:00,67,5 mph,Mostly Clear
Orange,CA,06059,2026-05-08T21:00:00-07:00,65,5 mph,Mostly Clear
Orange,CA,06059,2026-05-08T22:00:00-07:00,64,5 mph,Mostly Clear
Orange,CA,06059,2026-05-08T23:00:00-07:00,62,0 mph,Partly Cloudy
Orange,CA,06059,2026-05-09T00:00:00-07:00,62,0 mph,Partly Cloudy
Orange,CA,06059,2026-05-09T01:00:00-07:00,61,0 mph,Partly Cloudy
Orange,CA,06059,2026-05-09T02:00:00-07:00,60,0 mph,Partly Cloudy
Orange,CA,06059,2026-05-09T03:00:00-07:00,59,0 mph,Partly Cloudy
Orange,CA,06059,2026-05-09T04:00:00-07:00,59,0 mph,Partly Cloudy
Orange,CA,06059,2026-05-09T05:00:00-07:00,58,0 mph,Partly Cloudy
Orange,CA,06059,2026-05-09T06:00:00-07:00,59,0 mph,Mostly Sunny
Orange,CA,06059,2026-05-09T07:00:00-07:00,60,0 mph,Mostly Sunny
Orange,CA,06059,2026-05-09T08:00:00-07:00,62,0 mph,Mostly Sunny
Orange,CA,06059,2026-05-09T09:00:00-07:00,66,5 mph,Mostly Sunny
Orange,CA,06059,2026-05-09T10:00:00-07:00,70,5 mph,Mostly Sunny
Orange,CA,06059,2026-05-09T11:00:00-07:00,74,5 mph,Sunny
Orange,CA,06059,2026-05-09T12:00:00-07:00,76,10 mph,Sunny
Orange,CA,06059,2026-05-09T13:00:00-07:00,78,10 mph,Sunny
Orange,CA,06059,2026-05-09T14:00:00-07:00,80,10 mph,Sunny
Orange,CA,06059,2026-05-09T15:00:00-07:00,80,10 mph,Sunny
Orange,CA,06059,2026-05-09T16:00:00-07:00,80,10 mph,Sunny
Orange,CA,06059,2026-05-09T17:00:00-07:00,79,10 mph,Sunny
Orange,CA,06059,2026-05-09T18:00:00-07:00,76,5 mph,Mostly Clear
Orange,CA,06059,2026-05-09T19:00:00-07:00,73,5 mph,Mostly Clear
Orange,CA,06059,2026-05-09T20:00:00-07:00,69,5 mph,Mostly Clear
Orange,CA,06059,2026-05-09T21:00:00-07:00,67,5 mph,Mostly Clear
Orange,CA,06059,2026-05-09T22:00:00-07:00,65,0 mph,Mostly Clear
Orange,CA,06059,2026-05-09T23:00:00-07:00,64,0 mph,Partly Cloudy
Orange,CA,06059,2026-05-10T00:00:00-07:00,62,0 mph,Partly Cloudy
Orange,CA,06059,2026-05-10T01:00:00-07:00,61,0 mph,Partly Cloudy
Orange,CA,06059,2026-05-10T02:00:00-07:00,60,0 mph,Partly Cloudy
Orange,CA,06059,2026-05-10T03:00:00-07:00,59,0 mph,Partly Cloudy
Orange,CA,06059,2026-05-10T04:00:00-07:00,58,0 mph,Partly Cloudy
Orange,CA,06059,2026-05-10T05:00:00-07:00,58,0 mph,Partly Cloudy
Orange,CA,06059,2026-05-10T06:00:00-07:00,59,0 mph,Mostly Sunny
Orange,CA,06059,2026-05-10T07:00:00-07:00,60,0 mph,Mostly Sunny
Orange,CA,06059,2026-05-10T08:00:00-07:00,62,0 mph,Mostly Sunny
Orange,CA,06059,2026-05-10T09:00:00-07:00,66,0 mph,Mostly Sunny
Orange,CA,06059,2026-05-10T10:00:00-07:00,72,0 mph,Mostly Sunny
Orange,CA,06059,2026-05-10T11:00:00-07:00,76,5 mph,Sunny
Orange,CA,06059,2026-05-10T12:00:00-07:00,79,5 mph,Sunny
Orange,CA,06059,2026-05-10T13:00:00-07:00,81,5 mph,Sunny
Orange,CA,06059,2026-05-10T14:00:00-07:00,82,10 mph,Sunny
Orange,CA,06059,2026-05-10T15:00:00-07:00,82,10 mph,Sunny
Orange,CA,06059,2026-05-10T16:00:00-07:00,82,10 mph,Sunny
Orange,CA,06059,2026-05-10T17:00:00-07:00,81,5 mph,Sunny
Orange,CA,06059,2026-05-10T18:00:00-07:00,77,5 mph,Clear
Orange,CA,06059,2026-05-10T19:00:00-07:00,74,5 mph,Clear
Orange,CA,06059,2026-05-10T20:00:00-07:00,71,5 mph,Clear
Orange,CA,06059,2026-05-10T21:00:00-07:00,68,5 mph,Clear
Orange,CA,06059,2026-05-10T22:00:00-07:00,66,5 mph,Clear
Orange,CA,06059,2026-05-10T23:00:00-07:00,65,0 mph,Clear
Orange,CA,06059,2026-05-11T00:00:00-07:00,63,0 mph,Clear
Orange,CA,06059,2026-05-11T01:00:00-07:00,62,0 mph,Clear
Orange,CA,06059,2026-05-11T02:00:00-07:00,61,0 mph,Clear
Orange,CA,06059,2026-05-11T03:00:00-07:00,60,0 mph,Clear
Orange,CA,06059,2026-05-11T04:00:00-07:00,60,0 mph,Clear
Orange,CA,06059,2026-05-11T05:00:00-07:00,60,0 mph,Mostly Clear
Orange,CA,06059,2026-05-11T06:00:00-07:00,60,0 mph,Sunny
Orange,CA,06059,2026-05-11T07:00:00-07:00,62,0 mph,Sunny
Orange,CA,06059,2026-05-11T08:00:00-07:00,64,0 mph,Sunny
Orange,CA,06059,2026-05-11T09:00:00-07:00,69,0 mph,Sunny
Orange,CA,06059,2026-05-11T10:00:00-07:00,74,0 mph,Sunny
Orange,CA,06059,2026-05-11T11:00:00-07:00,78,5 mph,Sunny
Orange,CA,06059,2026-05-11T12:00:00-07:00,80,5 mph,Sunny
Orange,CA,06059,2026-05-11T13:00:00-07:00,82,5 mph,Sunny
Orange,CA,06059,2026-05-11T14:00:00-07:00,83,10 mph,Sunny
Orange,CA,06059,2026-05-11T15:00:00-07:00,83,10 mph,Sunny
Orange,CA,06059,2026-05-11T16:00:00-07:00,83,10 mph,Sunny
Orange,CA,06059,2026-05-11T17:00:00-07:00,81,10 mph,Sunny
Orange,CA,06059,2026-05-11T18:00:00-07:00,78,10 mph,Clear
Orange,CA,06059,2026-05-11T19:00:00-07:00,74,10 mph,Clear
Orange,CA,06059,2026-05-11T20:00:00-07:00,70,5 mph,Clear
Orange,CA,06059,2026-05-11T21:00:00-07:00,68,5 mph,Clear
Orange,CA,06059,2026-05-11T22:00:00-07:00,66,5 mph,Clear
Orange,CA,06059,2026-05-11T23:00:00-07:00,65,0 mph,Mostly Clear
Orange,CA,06059,2026-05-12T00:00:00-07:00,64,0 mph,Mostly Clear
Orange,CA,06059,2026-05-12T01:00:00-07:00,63,0 mph,Mostly Clear
Orange,CA,06059,2026-05-12T02:00:00-07:00,62,0 mph,Mostly Clear
Orange,CA,06059,2026-05-12T03:00:00-07:00,61,0 mph,Mostly Clear
Orange,CA,06059,2026-05-12T04:00:00-07:00,60,0 mph,Mostly Clear
Orange,CA,06059,2026-05-12T05:00:00-07:00,60,0 mph,Partly Cloudy
Orange,CA,06059,2026-05-12T06:00:00-07:00,60,0 mph,Mostly Sunny
Orange,CA,06059,2026-05-12T07:00:00-07:00,62,0 mph,Mostly Sunny
Orange,CA,06059,2026-05-12T08:00:00-07:00,64,0 mph,Mostly Sunny
Orange,CA,06059,2026-05-12T09:00:00-07:00,68,0 mph,Mostly Sunny
Orange,CA,06059,2026-05-12T10:00:00-07:00,72,0 mph,Mostly Sunny
Orange,CA,06059,2026-05-12T11:00:00-07:00,76,10 mph,Sunny
Orange,CA,06059,2026-05-12T12:00:00-07:00,78,10 mph,Sunny
Orange,CA,06059,2026-05-12T13:00:00-07:00,79,10 mph,Sunny
Orange,CA,06059,2026-05-12T14:00:00-07:00,80,10 mph,Sunny
Orange,CA,06059,2026-05-12T15:00:00-07:00,80,10 mph,Sunny
Orange,CA,06059,2026-05-12T16:00:00-07:00,79,10 mph,Sunny
Orange,CA,06059,2026-05-12T17:00:00-07:00,78,10 mph,Sunny
Orange,CA,06059,2026-05-12T18:00:00-07:00,75,10 mph,Mostly Clear
Orange,CA,06059,2026-05-12T19:00:00-07:00,72,10 mph,Mostly Clear
Orange,CA,06059,2026-05-12T20:00:00-07:00,68,5 mph,Mostly Clear
Orange,CA,06059,2026-05-12T21:00:00-07:00,66,5 mph,Mostly Clear
Orange,CA,06059,2026-05-12T22:00:00-07:00,65,5 mph,Mostly Clear
Orange,CA,06059,2026-05-12T23:00:00-07:00,64,0 mph,Partly Cloudy
Orange,CA,06059,2026-05-13T00:00:00-07:00,62,0 mph,Partly Cloudy
Orange,CA,06059,2026-05-13T01:00:00-07:00,61,0 mph,Partly Cloudy
Orange,CA,06059,2026-05-13T02:00:00-07:00,60,0 mph,Partly Cloudy
Orange,CA,06059,2026-05-13T03:00:00-07:00,59,0 mph,Partly Cloudy
Orange,CA,06059,2026-05-13T04:00:00-07:00,59,0 mph,Partly Cloudy
Orange,CA,06059,2026-05-13T05:00:00-07:00,59,0 mph,Mostly Cloudy
Orange,CA,06059,2026-05-13T06:00:00-07:00,60,0 mph,Partly Sunny
Orange,CA,06059,2026-05-13T07:00:00-07:00,60,0 mph,Partly Sunny
Orange,CA,06059,2026-05-13T08:00:00-07:00,62,0 mph,Partly Sunny
Orange,CA,06059,2026-05-13T09:00:00-07:00,65,0 mph,Partly Sunny
Orange,CA,06059,2026-05-13T10:00:00-07:00,70,0 mph,Partly Sunny
Orange,CA,06059,2026-05-13T11:00:00-07:00,73,5 mph,Mostly Sunny
Orange,CA,06059,2026-05-13T12:00:00-07:00,75,5 mph,Mostly Sunny
Orange,CA,06059,2026-05-13T13:00:00-07:00,77,5 mph,Mostly Sunny
Orange,CA,06059,2026-05-13T14:00:00-07:00,78,10 mph,Mostly Sunny
Orange,CA,06059,2026-05-13T15:00:00-07:00,78,10 mph,Mostly Sunny
Orange,CA,06059,2026-05-13T16:00:00-07:00,77,10 mph,Mostly Sunny
Orange,CA,06059,2026-05-13T17:00:00-07:00,76,10 mph,Sunny
Orange,CA,06059,2026-05-13T18:00:00-07:00,73,10 mph,Mostly Clear
Orange,CA,06059,2026-05-13T19:00:00-07:00,70,10 mph,Mostly Clear
Orange,CA,06059,2026-05-13T20:00:00-07:00,67,5 mph,Mostly Clear
Orange,CA,06059,2026-05-13T21:00:00-07:00,65,5 mph,Mostly Clear
Orange,CA,06059,2026-05-13T22:00:00-07:00,64,5 mph,Mostly Clear
Orange,CA,06059,2026-05-13T23:00:00-07:00,63,0 mph,Mostly Clear
Orange,CA,06059,2026-05-14T00:00:00-07:00,61,0 mph,Mostly Clear
Orange,CA,06059,2026-05-14T01:00:00-07:00,60,0 mph,Mostly Clear
Orange,CA,06059,2026-05-14T02:00:00-07:00,59,0 mph,Mostly Clear
San Diego,CA,06073,2026-05-07T16:00:00-07:00,73,10 mph,Mostly Sunny
San Diego,CA,06073,2026-05-07T17:00:00-07:00,71,5 mph,Mostly Sunny
San Diego,CA,06073,2026-05-07T18:00:00-07:00,70,5 mph,Partly Cloudy
San Diego,CA,06073,2026-05-07T19:00:00-07:00,67,5 mph,Partly Cloudy
San Diego,CA,06073,2026-05-07T20:00:00-07:00,63,5 mph,Mostly Cloudy
San Diego,CA,06073,2026-05-07T21:00:00-07:00,62,5 mph,Mostly Cloudy
San Diego,CA,06073,2026-05-07T22:00:00-07:00,61,5 mph,Mostly Cloudy
San Diego,CA,06073,2026-05-07T23:00:00-07:00,60,0 mph,Mostly Cloudy
San Diego,CA,06073,2026-05-08T00:00:00-07:00,60,0 mph,Mostly Cloudy
San Diego,CA,06073,2026-05-08T01:00:00-07:00,59,0 mph,Mostly Cloudy
San Diego,CA,06073,2026-05-08T02:00:00-07:00,58,0 mph,Mostly Cloudy
San Diego,CA,06073,2026-05-08T03:00:00-07:00,58,0 mph,Mostly Cloudy
San Diego,CA,06073,2026-05-08T04:00:00-07:00,58,0 mph,Mostly Cloudy
San Diego,CA,06073,2026-05-08T05:00:00-07:00,58,0 mph,Mostly Cloudy
San Diego,CA,06073,2026-05-08T06:00:00-07:00,57,0 mph,Mostly Cloudy
San Diego,CA,06073,2026-05-08T07:00:00-07:00,58,0 mph,Mostly Cloudy
San Diego,CA,06073,2026-05-08T08:00:00-07:00,59,0 mph,Partly Sunny
San Diego,CA,06073,2026-05-08T09:00:00-07:00,63,0 mph,Partly Sunny
San Diego,CA,06073,2026-05-08T10:00:00-07:00,67,5 mph,Partly Sunny
San Diego,CA,06073,2026-05-08T11:00:00-07:00,72,5 mph,Sunny
San Diego,CA,06073,2026-05-08T12:00:00-07:00,74,5 mph,Sunny
San Diego,CA,06073,2026-05-08T13:00:00-07:00,74,5 mph,Sunny
San Diego,CA,06073,2026-05-08T14:00:00-07:00,75,10 mph,Sunny
San Diego,CA,06073,2026-05-08T15:00:00-07:00,74,10 mph,Sunny
San Diego,CA,06073,2026-05-08T16:00:00-07:00,73,10 mph,Sunny
San Diego,CA,06073,2026-05-08T17:00:00-07:00,72,5 mph,Mostly Sunny
San Diego,CA,06073,2026-05-08T18:00:00-07:00,70,5 mph,Partly Cloudy
San Diego,CA,06073,2026-05-08T19:00:00-07:00,67,5 mph,Partly Cloudy
San Diego,CA,06073,2026-05-08T20:00:00-07:00,64,5 mph,Partly Cloudy
San Diego,CA,06073,2026-05-08T21:00:00-07:00,62,5 mph,Partly Cloudy
San Diego,CA,06073,2026-05-08T22:00:00-07:00,61,5 mph,Partly Cloudy
San Diego,CA,06073,2026-05-08T23:00:00-07:00,60,0 mph,Patchy Fog
San Diego,CA,06073,2026-05-09T00:00:00-07:00,60,0 mph,Patchy Fog
San Diego,CA,06073,2026-05-09T01:00:00-07:00,59,0 mph,Patchy Fog
San Diego,CA,06073,2026-05-09T02:00:00-07:00,58,0 mph,Patchy Fog
San Diego,CA,06073,2026-05-09T03:00:00-07:00,58,0 mph,Patchy Fog
San Diego,CA,06073,2026-05-09T04:00:00-07:00,58,0 mph,Patchy Fog
San Diego,CA,06073,2026-05-09T05:00:00-07:00,57,0 mph,Patchy Fog
San Diego,CA,06073,2026-05-09T06:00:00-07:00,58,0 mph,Patchy Fog
San Diego,CA,06073,2026-05-09T07:00:00-07:00,58,0 mph,Patchy Fog
San Diego,CA,06073,2026-05-09T08:00:00-07:00,60,0 mph,Patchy Fog
San Diego,CA,06073,2026-05-09T09:00:00-07:00,64,0 mph,Patchy Fog
San Diego,CA,06073,2026-05-09T10:00:00-07:00,69,5 mph,Patchy Fog
San Diego,CA,06073,2026-05-09T11:00:00-07:00,73,5 mph,Sunny
San Diego,CA,06073,2026-05-09T12:00:00-07:00,75,5 mph,Sunny
San Diego,CA,06073,2026-05-09T13:00:00-07:00,76,10 mph,Sunny
San Diego,CA,06073,2026-05-09T14:00:00-07:00,76,10 mph,Sunny
San Diego,CA,06073,2026-05-09T15:00:00-07:00,76,10 mph,Sunny
San Diego,CA,06073,2026-05-09T16:00:00-07:00,75,10 mph,Sunny
San Diego,CA,06073,2026-05-09T17:00:00-07:00,74,5 mph,Sunny
San Diego,CA,06073,2026-05-09T18:00:00-07:00,71,5 mph,Mostly Clear
San Diego,CA,06073,2026-05-09T19:00:00-07:00,68,5 mph,Mostly Clear
San Diego,CA,06073,2026-05-09T20:00:00-07:00,65,5 mph,Mostly Clear
San Diego,CA,06073,2026-05-09T21:00:00-07:00,63,5 mph,Mostly Clear
San Diego,CA,06073,2026-05-09T22:00:00-07:00,61,5 mph,Mostly Clear
San Diego,CA,06073,2026-05-09T23:00:00-07:00,60,5 mph,Patchy Fog
San Diego,CA,06073,2026-05-10T00:00:00-07:00,59,5 mph,Patchy Fog
San Diego,CA,06073,2026-05-10T01:00:00-07:00,58,0 mph,Patchy Fog
San Diego,CA,06073,2026-05-10T02:00:00-07:00,58,0 mph,Patchy Fog
San Diego,CA,06073,2026-05-10T03:00:00-07:00,57,0 mph,Patchy Fog
San Diego,CA,06073,2026-05-10T04:00:00-07:00,57,0 mph,Patchy Fog
San Diego,CA,06073,2026-05-10T05:00:00-07:00,57,0 mph,Partly Cloudy
San Diego,CA,06073,2026-05-10T06:00:00-07:00,58,0 mph,Mostly Sunny
San Diego,CA,06073,2026-05-10T07:00:00-07:00,58,0 mph,Mostly Sunny
San Diego,CA,06073,2026-05-10T08:00:00-07:00,61,0 mph,Mostly Sunny
San Diego,CA,06073,2026-05-10T09:00:00-07:00,65,0 mph,Mostly Sunny
San Diego,CA,06073,2026-05-10T10:00:00-07:00,70,0 mph,Mostly Sunny
San Diego,CA,06073,2026-05-10T11:00:00-07:00,75,5 mph,Sunny
San Diego,CA,06073,2026-05-10T12:00:00-07:00,77,5 mph,Sunny
San Diego,CA,06073,2026-05-10T13:00:00-07:00,78,5 mph,Sunny
San Diego,CA,06073,2026-05-10T14:00:00-07:00,78,10 mph,Sunny
San Diego,CA,06073,2026-05-10T15:00:00-07:00,78,10 mph,Sunny
San Diego,CA,06073,2026-05-10T16:00:00-07:00,77,10 mph,Sunny
San Diego,CA,06073,2026-05-10T17:00:00-07:00,76,5 mph,Sunny
San Diego,CA,06073,2026-05-10T18:00:00-07:00,72,5 mph,Clear
San Diego,CA,06073,2026-05-10T19:00:00-07:00,68,5 mph,Clear
San Diego,CA,06073,2026-05-10T20:00:00-07:00,66,5 mph,Clear
San Diego,CA,06073,2026-05-10T21:00:00-07:00,64,5 mph,Clear
San Diego,CA,06073,2026-05-10T22:00:00-07:00,62,5 mph,Clear
San Diego,CA,06073,2026-05-10T23:00:00-07:00,61,0 mph,Mostly Clear
San Diego,CA,06073,2026-05-11T00:00:00-07:00,60,0 mph,Mostly Clear
San Diego,CA,06073,2026-05-11T01:00:00-07:00,60,0 mph,Mostly Clear
San Diego,CA,06073,2026-05-11T02:00:00-07:00,60,0 mph,Mostly Clear
San Diego,CA,06073,2026-05-11T03:00:00-07:00,59,0 mph,Mostly Clear
San Diego,CA,06073,2026-05-11T04:00:00-07:00,58,0 mph,Mostly Clear
San Diego,CA,06073,2026-05-11T05:00:00-07:00,58,0 mph,Partly Cloudy
San Diego,CA,06073,2026-05-11T06:00:00-07:00,59,0 mph,Mostly Sunny
San Diego,CA,06073,2026-05-11T07:00:00-07:00,60,0 mph,Mostly Sunny
San Diego,CA,06073,2026-05-11T08:00:00-07:00,63,0 mph,Mostly Sunny
San Diego,CA,06073,2026-05-11T09:00:00-07:00,67,0 mph,Mostly Sunny
San Diego,CA,06073,2026-05-11T10:00:00-07:00,72,0 mph,Mostly Sunny
San Diego,CA,06073,2026-05-11T11:00:00-07:00,76,5 mph,Sunny
San Diego,CA,06073,2026-05-11T12:00:00-07:00,78,5 mph,Sunny
San Diego,CA,06073,2026-05-11T13:00:00-07:00,79,5 mph,Sunny
San Diego,CA,06073,2026-05-11T14:00:00-07:00,78,10 mph,Sunny
San Diego,CA,06073,2026-05-11T15:00:00-07:00,78,10 mph,Sunny
San Diego,CA,06073,2026-05-11T16:00:00-07:00,77,10 mph,Sunny
San Diego,CA,06073,2026-05-11T17:00:00-07:00,76,10 mph,Sunny
San Diego,CA,06073,2026-05-11T18:00:00-07:00,72,10 mph,Clear
San Diego,CA,06073,2026-05-11T19:00:00-07:00,68,10 mph,Clear
San Diego,CA,06073,2026-05-11T20:00:00-07:00,64,5 mph,Clear
San Diego,CA,06073,2026-05-11T21:00:00-07:00,63,5 mph,Clear
San Diego,CA,06073,2026-05-11T22:00:00-07:00,62,5 mph,Clear
San Diego,CA,06073,2026-05-11T23:00:00-07:00,61,0 mph,Mostly Clear
San Diego,CA,06073,2026-05-12T00:00:00-07:00,60,0 mph,Mostly Clear
San Diego,CA,06073,2026-05-12T01:00:00-07:00,59,0 mph,Mostly Clear
San Diego,CA,06073,2026-05-12T02:00:00-07:00,58,0 mph,Mostly Clear
San Diego,CA,06073,2026-05-12T03:00:00-07:00,58,0 mph,Mostly Clear
San Diego,CA,06073,2026-05-12T04:00:00-07:00,57,0 mph,Mostly Clear
San Diego,CA,06073,2026-05-12T05:00:00-07:00,58,0 mph,Partly Cloudy
San Diego,CA,06073,2026-05-12T06:00:00-07:00,58,0 mph,Mostly Sunny
San Diego,CA,06073,2026-05-12T07:00:00-07:00,60,0 mph,Mostly Sunny
San Diego,CA,06073,2026-05-12T08:00:00-07:00,62,5 mph,Mostly Sunny
San Diego,CA,06073,2026-05-12T09:00:00-07:00,66,5 mph,Mostly Sunny
San Diego,CA,06073,2026-05-12T10:00:00-07:00,71,5 mph,Mostly Sunny
San Diego,CA,06073,2026-05-12T11:00:00-07:00,75,5 mph,Sunny
San Diego,CA,06073,2026-05-12T12:00:00-07:00,76,5 mph,Sunny
San Diego,CA,06073,2026-05-12T13:00:00-07:00,77,5 mph,Sunny
San Diego,CA,06073,2026-05-12T14:00:00-07:00,77,10 mph,Sunny
San Diego,CA,06073,2026-05-12T15:00:00-07:00,77,10 mph,Sunny
San Diego,CA,06073,2026-05-12T16:00:00-07:00,76,10 mph,Sunny
San Diego,CA,06073,2026-05-12T17:00:00-07:00,74,10 mph,Sunny
San Diego,CA,06073,2026-05-12T18:00:00-07:00,71,10 mph,Mostly Clear
San Diego,CA,06073,2026-05-12T19:00:00-07:00,68,10 mph,Mostly Clear
San Diego,CA,06073,2026-05-12T20:00:00-07:00,64,5 mph,Mostly Clear
San Diego,CA,06073,2026-05-12T21:00:00-07:00,63,5 mph,Mostly Clear
San Diego,CA,06073,2026-05-12T22:00:00-07:00,62,5 mph,Mostly Clear
San Diego,CA,06073,2026-05-12T23:00:00-07:00,61,0 mph,Partly Cloudy
San Diego,CA,06073,2026-05-13T00:00:00-07:00,60,0 mph,Partly Cloudy
San Diego,CA,06073,2026-05-13T01:00:00-07:00,59,0 mph,Partly Cloudy
San Diego,CA,06073,2026-05-13T02:00:00-07:00,59,0 mph,Partly Cloudy
San Diego,CA,06073,2026-05-13T03:00:00-07:00,58,0 mph,Partly Cloudy
San Diego,CA,06073,2026-05-13T04:00:00-07:00,58,0 mph,Partly Cloudy
San Diego,CA,06073,2026-05-13T05:00:00-07:00,58,0 mph,Mostly Cloudy
San Diego,CA,06073,2026-05-13T06:00:00-07:00,58,0 mph,Mostly Cloudy
San Diego,CA,06073,2026-05-13T07:00:00-07:00,58,0 mph,Mostly Cloudy
San Diego,CA,06073,2026-05-13T08:00:00-07:00,60,5 mph,Mostly Cloudy
San Diego,CA,06073,2026-05-13T09:00:00-07:00,64,5 mph,Mostly Cloudy
San Diego,CA,06073,2026-05-13T10:00:00-07:00,69,5 mph,Mostly Cloudy
San Diego,CA,06073,2026-05-13T11:00:00-07:00,74,5 mph,Mostly Sunny
San Diego,CA,06073,2026-05-13T12:00:00-07:00,76,5 mph,Mostly Sunny
San Diego,CA,06073,2026-05-13T13:00:00-07:00,76,5 mph,Mostly Sunny
San Diego,CA,06073,2026-05-13T14:00:00-07:00,76,10 mph,Mostly Sunny
San Diego,CA,06073,2026-05-13T15:00:00-07:00,76,10 mph,Mostly Sunny
San Diego,CA,06073,2026-05-13T16:00:00-07:00,75,10 mph,Mostly Sunny
San Diego,CA,06073,2026-05-13T17:00:00-07:00,73,10 mph,Sunny
San Diego,CA,06073,2026-05-13T18:00:00-07:00,70,10 mph,Mostly Clear
San Diego,CA,06073,2026-05-13T19:00:00-07:00,67,10 mph,Mostly Clear
San Diego,CA,06073,2026-05-13T20:00:00-07:00,64,5 mph,Mostly Clear
San Diego,CA,06073,2026-05-13T21:00:00-07:00,62,5 mph,Mostly Clear
San Diego,CA,06073,2026-05-13T22:00:00-07:00,61,5 mph,Mostly Clear
San Diego,CA,06073,2026-05-13T23:00:00-07:00,60,5 mph,Mostly Clear
San Diego,CA,06073,2026-05-14T00:00:00-07:00,59,5 mph,Mostly Clear
San Diego,CA,06073,2026-05-14T01:00:00-07:00,58,5 mph,Mostly Clear
San Diego,CA,06073,2026-05-14T02:00:00-07:00,58,5 mph,Mostly Clear
San Diego,CA,06073,2026-05-14T03:00:00-07:00,57,5 mph,Mostly Clear
